open_time,open,high,low,close,volume,close_time,quote_volume,count,taker_buy_volume,taker_buy_quote_volume,ignore
1680242820000,121.33572909,121.33572909,121.33481111,121.33481111,0,1680242879999,0,3,0,0,0
1680242880000,121.32993287,121.37914366,121.32213778,121.37914334,0,1680242939999,0,60,0,0,0
1680242940000,121.37965889,121.37965889,121.31785325,121.35098374,0,1680242999999,0,60,0,0,0
1680243000000,121.34871722,121.44125351,121.34789353,121.44028006,0,1680243059999,0,60,0,0,0
1680243060000,121.44028006,121.45035081,121.40567786,121.40567786,0,1680243119999,0,60,0,0,0
1680243120000,121.40567786,121.44376461,121.40567786,121.44282595,0,1680243179999,0,60,0,0,0
1680243180000,121.44282196,121.44282196,121.43579908,121.43579908,0,1680243239999,0,60,0,0,0
1680243240000,121.43578006,121.52104147,121.43578006,121.51196538,0,1680243299999,0,60,0,0,0
1680243300000,121.51196538,121.52343400,121.50818029,121.52269673,0,1680243359999,0,60,0,0,0
1680243360000,121.52183734,121.59823718,121.52183734,121.53304027,0,1680243419999,0,60,0,0,0
1680243420000,121.53303581,121.60118537,121.53303581,121.60011007,0,1680243479999,0,60,0,0,0
1680243480000,121.60011011,121.62352796,121.59977195,121.62318888,0,1680243539999,0,60,0,0,0
1680243540000,121.62319951,121.67865507,121.62203338,121.67820112,0,1680243599999,0,60,0,0,0
1680243600000,121.63345126,121.67606116,121.63087351,121.67594465,0,1680243659999,0,60,0,0,0
1680243660000,121.67594468,121.68767295,121.61921736,121.66647331,0,1680243719999,0,60,0,0,0
1680243720000,121.66646425,121.67865603,121.65557389,121.67621211,0,1680243779999,0,60,0,0,0
1680243780000,121.67654137,121.68627121,121.62514053,121.67719827,0,1680243839999,0,60,0,0,0
1680243840000,121.67719204,121.69902256,121.62691885,121.69902256,0,1680243899999,0,60,0,0,0
1680243900000,121.69902256,121.72886699,121.63098463,121.72823438,0,1680243959999,0,60,0,0,0
1680243960000,121.72847663,121.73365462,121.72422406,121.73349567,0,1680244019999,0,60,0,0,0
1680244020000,121.73349774,121.78598819,121.69941648,121.69983383,0,1680244079999,0,60,0,0,0
1680244080000,121.70006340,121.70006340,121.66177346,121.67025691,0,1680244139999,0,60,0,0,0
1680244140000,121.67024293,121.67291575,121.66370207,121.66803207,0,1680244199999,0,60,0,0,0
1680244200000,121.66803108,121.75753216,121.66712539,121.75651461,0,1680244259999,0,60,0,0,0
1680244260000,121.75651461,121.76309141,121.67769470,121.67830598,0,1680244319999,0,60,0,0,0
1680244320000,121.67830635,121.67880968,121.58442594,121.58442594,0,1680244379999,0,60,0,0,0
1680244380000,121.58442594,121.60365667,121.58242669,121.60351773,0,1680244439999,0,60,0,0,0
1680244440000,121.60351766,121.66366298,121.60351766,121.60556928,0,1680244499999,0,60,0,0,0
1680244500000,121.60531344,121.62189486,121.57106811,121.61974599,0,1680244559999,0,60,0,0,0
1680244560000,121.62003447,121.62003447,121.55608515,121.55673402,0,1680244619999,0,60,0,0,0
1680244620000,121.55673174,121.60358188,121.54024965,121.54180719,0,1680244679999,0,60,0,0,0
1680244680000,121.54180719,121.59728696,121.53876380,121.59728696,0,1680244739999,0,60,0,0,0
1680244740000,121.59888263,121.73253063,121.59878753,121.73253063,0,1680244799999,0,60,0,0,0
1680244800000,121.73281761,121.81757870,121.72734450,121.81666828,0,1680244859999,0,60,0,0,0
1680244860000,121.81641808,121.81780748,121.76513310,121.81664981,0,1680244919999,0,60,0,0,0
1680244920000,121.81970219,121.82324887,121.81452901,121.81591798,0,1680244979999,0,60,0,0,0
1680244980000,121.81591444,121.81591444,121.81173779,121.81286847,0,1680245039999,0,60,0,0,0
1680245040000,121.81286771,121.83801221,121.81102148,121.83796777,0,1680245099999,0,60,0,0,0
1680245100000,121.83796777,121.89710990,121.83709536,121.85052215,0,1680245159999,0,60,0,0,0
1680245160000,121.84879576,121.84899888,121.82858094,121.82869605,0,1680245219999,0,60,0,0,0
1680245220000,121.82869605,121.82914543,121.77450555,121.77450555,0,1680245279999,0,60,0,0,0
1680245280000,121.77438772,121.81803568,121.72809185,121.81550427,0,1680245339999,0,60,0,0,0
1680245340000,121.81556599,121.82805423,121.77069666,121.82803358,0,1680245399999,0,60,0,0,0
1680245400000,121.82601152,121.84231862,121.81980083,121.84144011,0,1680245459999,0,60,0,0,0
1680245460000,121.84083953,121.90734767,121.84083953,121.84909564,0,1680245519999,0,60,0,0,0
1680245520000,121.84909564,121.84992767,121.83324273,121.83410919,0,1680245579999,0,60,0,0,0
1680245580000,121.83317425,121.86762513,121.82080915,121.82173375,0,1680245639999,0,60,0,0,0
1680245640000,121.76569766,121.76770078,121.71942720,121.74536086,0,1680245699999,0,60,0,0,0
1680245700000,121.74587433,121.77029313,121.72335823,121.77029313,0,1680245759999,0,60,0,0,0
1680245760000,121.76993235,121.81182257,121.76841163,121.81182257,0,1680245819999,0,60,0,0,0
1680245820000,121.81182985,121.82282355,121.80921649,121.81241730,0,1680245879999,0,60,0,0,0
1680245880000,121.81241730,121.84325591,121.81241730,121.84209002,0,1680245939999,0,60,0,0,0
1680245940000,121.84209002,121.84245355,121.77112935,121.77434894,0,1680245999999,0,60,0,0,0
1680246000000,121.77487974,121.85838507,121.75715419,121.82475486,0,1680246059999,0,60,0,0,0
1680246060000,121.82544199,121.84067071,121.82466815,121.83916806,0,1680246119999,0,60,0,0,0
1680246120000,121.83916806,121.88506335,121.83854904,121.88331526,0,1680246179999,0,60,0,0,0
1680246180000,121.88350571,121.90240717,121.87802578,121.88590359,0,1680246239999,0,60,0,0,0
1680246240000,121.88550340,121.88550340,121.83480381,121.85627330,0,1680246299999,0,60,0,0,0
1680246300000,121.85627330,121.90949418,121.85621566,121.90670461,0,1680246359999,0,60,0,0,0
1680246360000,121.90633324,121.90750341,121.90535914,121.90562025,0,1680246419999,0,60,0,0,0
1680246420000,121.90560334,121.91558163,121.87282568,121.89209883,0,1680246479999,0,60,0,0,0
1680246480000,121.89079960,121.89106833,121.84394083,121.84394083,0,1680246539999,0,60,0,0,0
1680246540000,121.84317849,121.84317849,121.72172093,121.72203149,0,1680246599999,0,60,0,0,0
1680246600000,121.72202949,121.72202949,121.64856062,121.71725710,0,1680246659999,0,60,0,0,0
1680246660000,121.71652283,121.71652283,121.69645565,121.71397961,0,1680246719999,0,60,0,0,0
1680246720000,121.71379994,121.81118412,121.67776321,121.80410098,0,1680246779999,0,60,0,0,0
1680246780000,121.80063792,121.83420724,121.72035144,121.77120749,0,1680246839999,0,60,0,0,0
1680246840000,121.77504028,121.84089077,121.76629839,121.76654099,0,1680246899999,0,60,0,0,0
1680246900000,121.76728117,121.78368020,121.74627782,121.77889792,0,1680246959999,0,60,0,0,0
1680246960000,121.77724529,121.81532448,121.76613231,121.76843406,0,1680247019999,0,60,0,0,0
1680247020000,121.76835864,121.80435035,121.75058348,121.80111520,0,1680247079999,0,60,0,0,0
1680247080000,121.80111213,121.81966207,121.75081694,121.75456160,0,1680247139999,0,60,0,0,0
1680247140000,121.75232481,121.75563242,121.68157447,121.68627469,0,1680247199999,0,60,0,0,0
1680247200000,121.68957683,121.75359650,121.68851462,121.69117823,0,1680247259999,0,60,0,0,0
1680247260000,121.62712322,121.62712322,121.41007565,121.41007565,0,1680247319999,0,60,0,0,0
1680247320000,121.40955781,121.40955781,120.84526605,120.85098506,0,1680247379999,0,60,0,0,0
1680247380000,120.84965299,120.88566665,120.83674419,120.88566665,0,1680247439999,0,60,0,0,0
1680247440000,120.88463024,120.92541302,120.68917909,120.92541302,0,1680247499999,0,60,0,0,0
1680247500000,120.92584706,121.04657591,120.92584706,121.04135944,0,1680247559999,0,60,0,0,0
1680247560000,121.04057050,121.16314620,121.03139862,121.16314620,0,1680247619999,0,60,0,0,0
1680247620000,121.16314620,121.22773317,121.16077108,121.22390953,0,1680247679999,0,60,0,0,0
1680247680000,121.22044929,121.22740669,121.18518156,121.21986034,0,1680247739999,0,60,0,0,0
1680247740000,121.21996189,121.32516115,121.21861638,121.31888245,0,1680247799999,0,60,0,0,0
1680247800000,121.31889041,121.31889041,121.22641166,121.23153236,0,1680247859999,0,60,0,0,0
1680247860000,121.23160708,121.31081570,121.23160708,121.31081570,0,1680247919999,0,60,0,0,0
1680247920000,121.31032582,121.35765759,121.24305527,121.35765759,0,1680247979999,0,60,0,0,0
1680247980000,121.36357931,121.37029221,121.32350718,121.37007811,0,1680248039999,0,60,0,0,0
1680248040000,121.37007553,121.37007553,121.25343257,121.26720140,0,1680248099999,0,60,0,0,0
1680248100000,121.26720140,121.26720140,121.18281742,121.18281742,0,1680248159999,0,60,0,0,0
1680248160000,121.18152222,121.18152222,120.97540687,120.97937717,0,1680248219999,0,60,0,0,0
1680248220000,120.97036824,120.97413702,119.14213804,119.14415506,0,1680248279999,0,60,0,0,0
1680248280000,119.14372096,119.14394700,119.03344407,119.03344407,0,1680248339999,0,60,0,0,0
1680248340000,119.03169701,119.04178559,118.73137370,118.73137370,0,1680248399999,0,60,0,0,0
1680248400000,118.70659594,118.86717861,118.57104293,118.79333274,0,1680248459999,0,60,0,0,0
1680248460000,118.79333274,118.82861375,118.79333274,118.82147489,0,1680248519999,0,60,0,0,0
1680248520000,118.82147489,118.90903768,118.80055179,118.80122040,0,1680248579999,0,60,0,0,0
1680248580000,118.77521229,118.77697070,118.71185532,118.75177721,0,1680248639999,0,60,0,0,0
1680248640000,118.75250246,118.84464645,118.75062031,118.83701369,0,1680248699999,0,60,0,0,0
1680248700000,118.83862526,118.84646411,118.73013234,118.73013234,0,1680248759999,0,60,0,0,0
1680248760000,118.69951838,118.69951838,118.59456219,118.59706146,0,1680248819999,0,60,0,0,0
1680248820000,118.59747402,118.64310651,118.56289399,118.56441000,0,1680248879999,0,60,0,0,0
1680248880000,118.56441000,118.73422086,118.56441000,118.73261929,0,1680248939999,0,60,0,0,0
1680248940000,118.73599085,118.89132280,118.68645330,118.89132280,0,1680248999999,0,60,0,0,0
1680249000000,118.89132280,118.90489690,118.83587940,118.90489690,0,1680249059999,0,60,0,0,0
1680249060000,118.90443552,119.03405527,118.90402556,119.01780029,0,1680249119999,0,60,0,0,0
1680249120000,119.01807207,119.09304792,119.00352968,119.08377081,0,1680249179999,0,60,0,0,0
1680249180000,119.08377081,119.15027766,119.07858999,119.14915055,0,1680249239999,0,60,0,0,0
1680249240000,119.14937821,119.17906074,119.14638760,119.16757683,0,1680249299999,0,60,0,0,0
1680249300000,119.16785155,119.20881351,119.15359989,119.20831865,0,1680249359999,0,60,0,0,0
1680249360000,119.21142132,119.23849993,119.19895335,119.22553010,0,1680249419999,0,60,0,0,0
1680249420000,119.22553010,119.25174959,119.21719272,119.21754431,0,1680249479999,0,60,0,0,0
1680249480000,119.21693438,119.33839145,119.21693438,119.33808649,0,1680249539999,0,60,0,0,0
1680249540000,119.33771582,119.37343333,119.27929851,119.28823852,0,1680249599999,0,60,0,0,0
1680249600000,119.29125491,119.29125491,119.25211039,119.26799768,0,1680249659999,0,60,0,0,0
1680249660000,119.26769610,119.35505089,119.26769610,119.35253553,0,1680249719999,0,60,0,0,0
1680249720000,119.35305092,119.42452719,119.34798653,119.42452719,0,1680249779999,0,60,0,0,0
1680249780000,119.43387767,119.45041877,119.43387767,119.45041877,0,1680249839999,0,60,0,0,0
1680249840000,119.45041877,119.53063790,119.45041877,119.51614601,0,1680249899999,0,60,0,0,0
1680249900000,119.51630007,119.51770979,119.44974108,119.44974108,0,1680249959999,0,60,0,0,0
1680249960000,119.44972427,119.51660967,119.43207463,119.51552077,0,1680250019999,0,60,0,0,0
1680250020000,119.51513723,119.54994873,119.50680483,119.53666911,0,1680250079999,0,60,0,0,0
1680250080000,119.53666911,119.53741980,119.48820710,119.49703559,0,1680250139999,0,60,0,0,0
1680250140000,119.49639788,119.58760981,119.47865461,119.57147880,0,1680250199999,0,60,0,0,0
1680250200000,119.57120586,119.85933210,119.57093048,119.85895633,0,1680250259999,0,60,0,0,0
1680250260000,119.85895633,120.25098753,119.85874694,120.25098753,0,1680250319999,0,60,0,0,0
1680250320000,120.28791127,120.65236726,120.28791127,120.65231031,0,1680250379999,0,60,0,0,0
1680250380000,120.65231031,120.88232134,120.65231031,120.88232134,0,1680250439999,0,60,0,0,0
1680250440000,120.88238662,121.13126941,120.88238662,121.13126941,0,1680250499999,0,60,0,0,0
1680250500000,121.13126941,121.33668016,121.12247321,121.33657652,0,1680250559999,0,60,0,0,0
1680250560000,121.34993507,121.48757149,121.34985104,121.48753988,0,1680250619999,0,60,0,0,0
1680250620000,121.48753988,121.70554893,121.48753988,121.70554893,0,1680250679999,0,60,0,0,0
1680250680000,121.70573380,121.85028776,121.70573380,121.85028776,0,1680250739999,0,60,0,0,0
1680250740000,121.85028776,121.92551685,121.84858838,121.92387074,0,1680250799999,0,60,0,0,0
1680250800000,121.93310429,122.00537961,121.93226861,122.00479071,0,1680250859999,0,60,0,0,0
1680250860000,122.00479071,122.05506307,121.98425648,122.01981165,0,1680250919999,0,60,0,0,0
1680250920000,122.02023977,122.25377337,122.02023977,122.25377337,0,1680250979999,0,60,0,0,0
1680250980000,122.25412390,122.46320553,122.22893979,122.46320553,0,1680251039999,0,60,0,0,0
1680251040000,122.46320553,122.80526692,122.46320553,122.80467991,0,1680251099999,0,60,0,0,0
1680251100000,122.80458827,122.98117836,122.80458827,122.98117836,0,1680251159999,0,60,0,0,0
1680251160000,122.98100139,123.11513123,122.98100139,123.11513123,0,1680251219999,0,60,0,0,0
1680251220000,123.11707763,123.14210350,123.07759977,123.07759977,0,1680251279999,0,60,0,0,0
1680251280000,123.07598503,123.11553711,123.06028494,123.10972851,0,1680251339999,0,60,0,0,0
1680251340000,123.10972851,123.11538725,123.02936770,123.03108039,0,1680251399999,0,60,0,0,0
1680251400000,123.03108039,123.05253798,122.98794838,123.02087079,0,1680251459999,0,60,0,0,0
1680251460000,123.02356098,123.06831372,123.02345375,123.06618455,0,1680251519999,0,60,0,0,0
1680251520000,123.06718909,123.08777503,123.06313102,123.07279288,0,1680251579999,0,60,0,0,0
1680251580000,123.07279288,123.11930632,123.07279288,123.09343329,0,1680251639999,0,60,0,0,0
1680251640000,123.09343329,123.12689523,123.07896244,123.08211272,0,1680251699999,0,60,0,0,0
1680251700000,123.08211272,123.10918232,123.05215630,123.05595970,0,1680251759999,0,60,0,0,0
1680251760000,123.05617769,123.07750693,123.03585713,123.03878039,0,1680251819999,0,60,0,0,0
1680251820000,123.03917837,123.11769768,123.03770482,123.11410414,0,1680251879999,0,60,0,0,0
1680251880000,123.11548735,123.14584537,123.09971484,123.12951116,0,1680251939999,0,60,0,0,0
1680251940000,123.12951116,123.19127642,123.12880697,123.19127642,0,1680251999999,0,60,0,0,0
1680252000000,123.19127899,123.30620575,123.19010200,123.30620575,0,1680252059999,0,60,0,0,0
1680252060000,123.30591851,123.45218240,123.30591851,123.45218240,0,1680252119999,0,60,0,0,0
1680252120000,123.45481620,123.53797775,123.45481620,123.53797775,0,1680252179999,0,60,0,0,0
1680252180000,123.53806738,123.58343613,123.53806738,123.58343613,0,1680252239999,0,60,0,0,0
1680252240000,123.58343613,123.63244331,123.57300549,123.58946036,0,1680252299999,0,60,0,0,0
1680252300000,123.59104531,123.59394225,123.54972384,123.54980284,0,1680252359999,0,60,0,0,0
1680252360000,123.54980284,123.65269831,123.54980284,123.65269831,0,1680252419999,0,60,0,0,0
1680252420000,123.65269831,123.71932993,123.65269831,123.71932993,0,1680252479999,0,60,0,0,0
1680252480000,123.71931738,123.85418734,123.71931738,123.80768927,0,1680252539999,0,60,0,0,0
1680252540000,123.80806959,123.92614794,123.80778886,123.91932820,0,1680252599999,0,60,0,0,0
1680252600000,123.91932820,123.96627910,123.91353911,123.95284940,0,1680252659999,0,60,0,0,0
1680252660000,123.95188099,123.99633946,123.93741724,123.93741724,0,1680252719999,0,60,0,0,0
1680252720000,123.93733686,123.95417309,123.81786077,123.81786077,0,1680252779999,0,60,0,0,0
1680252780000,123.81786077,123.82347963,123.81513055,123.82321203,0,1680252839999,0,60,0,0,0
1680252840000,123.82342566,123.84425553,123.81684471,123.81821990,0,1680252899999,0,60,0,0,0
1680252900000,123.81821990,123.84502539,123.81602043,123.82110352,0,1680252959999,0,60,0,0,0
1680252960000,123.81914147,123.89063364,123.79237761,123.79402124,0,1680253019999,0,60,0,0,0
1680253020000,123.79400408,123.81008566,123.76352913,123.76352913,0,1680253079999,0,60,0,0,0
1680253080000,123.76673347,123.76673347,123.68998593,123.68998593,0,1680253139999,0,60,0,0,0
1680253140000,123.68998707,123.68998707,123.62925455,123.63566196,0,1680253199999,0,60,0,0,0
1680253200000,123.63566196,123.63566196,123.61525197,123.61636132,0,1680253259999,0,60,0,0,0
1680253260000,123.61682745,123.64266936,123.61682745,123.64110984,0,1680253319999,0,60,0,0,0
1680253320000,123.64110984,123.65605344,123.64008207,123.64395550,0,1680253379999,0,60,0,0,0
1680253380000,123.64432903,123.73553056,123.64330378,123.73553056,0,1680253439999,0,60,0,0,0
1680253440000,123.73524361,123.80411652,123.69975440,123.76578714,0,1680253499999,0,60,0,0,0
1680253500000,123.76578714,123.79918427,123.73205937,123.73402627,0,1680253559999,0,60,0,0,0
1680253560000,123.73402627,123.73459823,123.61843504,123.62854004,0,1680253619999,0,60,0,0,0
1680253620000,123.62146558,123.64113981,123.62146558,123.62976759,0,1680253679999,0,60,0,0,0
1680253680000,123.62960307,123.65592616,123.58921619,123.58921619,0,1680253739999,0,60,0,0,0
1680253740000,123.58966862,123.63618269,123.55690439,123.56023945,0,1680253799999,0,60,0,0,0
1680253800000,123.56059338,123.56775467,123.51163543,123.51881372,0,1680253859999,0,60,0,0,0
1680253860000,123.52018577,123.57207517,123.52018577,123.57207517,0,1680253919999,0,60,0,0,0
1680253920000,123.57207517,123.60719518,123.57127088,123.60475256,0,1680253979999,0,60,0,0,0
1680253980000,123.60595364,123.67278122,123.60594954,123.67216363,0,1680254039999,0,60,0,0,0
1680254040000,123.67216363,123.77872926,123.67216363,123.77872926,0,1680254099999,0,60,0,0,0
1680254100000,123.77930786,123.80392205,123.77930786,123.80392205,0,1680254159999,0,60,0,0,0
1680254160000,123.80373329,123.82462254,123.80132554,123.82006677,0,1680254219999,0,60,0,0,0
1680254220000,123.82005985,123.83665000,123.79811850,123.80028366,0,1680254279999,0,60,0,0,0
1680254280000,123.79992911,123.80123464,123.78002114,123.80085961,0,1680254339999,0,60,0,0,0
1680254340000,123.80085961,123.83742221,123.80085961,123.83443598,0,1680254399999,0,60,0,0,0
1680254400000,123.83321009,123.85391512,123.79942783,123.79987922,0,1680254459999,0,60,0,0,0
1680254460000,123.80021776,123.80021776,123.74669313,123.74682290,0,1680254519999,0,60,0,0,0
1680254520000,123.74682290,123.74682290,123.66815493,123.66815493,0,1680254579999,0,60,0,0,0
1680254580000,123.66815698,123.66816109,123.46743198,123.46743198,0,1680254639999,0,60,0,0,0
1680254640000,123.46743198,123.58755145,123.42551443,123.57612821,0,1680254699999,0,60,0,0,0
1680254700000,123.57612821,123.60029014,123.57504198,123.59663827,0,1680254759999,0,60,0,0,0
1680254760000,123.59663827,123.62403234,123.58550021,123.62310288,0,1680254819999,0,60,0,0,0
1680254820000,123.62270294,123.62270294,123.51572443,123.51572443,0,1680254879999,0,60,0,0,0
1680254880000,123.51572443,123.51573375,123.43142472,123.43213002,0,1680254939999,0,60,0,0,0
1680254940000,123.43213002,123.47933673,123.43213002,123.47707248,0,1680254999999,0,60,0,0,0
1680255000000,123.47707248,123.49034330,123.42886523,123.42888107,0,1680255059999,0,60,0,0,0
1680255060000,123.42941820,123.42942025,123.36576982,123.36576982,0,1680255119999,0,60,0,0,0
1680255120000,123.36571865,123.37717396,123.36454399,123.37606218,0,1680255179999,0,60,0,0,0
1680255180000,123.37582062,123.50601938,123.37543992,123.50555413,0,1680255239999,0,60,0,0,0
1680255240000,123.50555413,123.63754144,123.50555413,123.62571791,0,1680255299999,0,60,0,0,0
1680255300000,123.62532897,123.62532897,123.55597601,123.56953177,0,1680255359999,0,60,0,0,0
1680255360000,123.56952870,123.57766101,123.54982453,123.56619365,0,1680255419999,0,60,0,0,0
1680255420000,123.56599998,123.56599998,123.46887936,123.47949743,0,1680255479999,0,60,0,0,0
1680255480000,123.47949743,123.48009643,123.46257042,123.46325083,0,1680255539999,0,60,0,0,0
1680255540000,123.46276921,123.46276921,123.45093861,123.45148356,0,1680255599999,0,60,0,0,0
1680255600000,123.45148356,123.45445403,123.36657338,123.36657338,0,1680255659999,0,60,0,0,0
1680255660000,123.36657338,123.36657338,123.31720788,123.32361264,0,1680255719999,0,60,0,0,0
1680255720000,123.32361264,123.35302114,123.30980360,123.31027186,0,1680255779999,0,60,0,0,0
1680255780000,123.31039350,123.31039350,123.24063544,123.30791901,0,1680255839999,0,60,0,0,0
1680255840000,123.30773349,123.42207554,123.30772581,123.41909495,0,1680255899999,0,60,0,0,0
1680255900000,123.41909495,123.41959099,123.34597388,123.35611892,0,1680255959999,0,60,0,0,0
1680255960000,123.35673432,123.50046240,123.35555214,123.45124607,0,1680256019999,0,60,0,0,0
1680256020000,123.45133386,123.45286244,123.40426568,123.43376094,0,1680256079999,0,60,0,0,0
1680256080000,123.43348769,123.55065127,123.40385017,123.54002510,0,1680256139999,0,60,0,0,0
1680256140000,123.54002510,123.54070778,123.48293095,123.48293095,0,1680256199999,0,60,0,0,0
1680256200000,123.48293095,123.48944943,123.44566014,123.45765042,0,1680256259999,0,60,0,0,0
1680256260000,123.45740483,123.64148469,123.45740483,123.62494969,0,1680256319999,0,60,0,0,0
1680256320000,123.62514803,123.69955362,123.61157251,123.61165869,0,1680256379999,0,60,0,0,0
1680256380000,123.61165869,123.61165869,123.46757612,123.46810205,0,1680256439999,0,60,0,0,0
1680256440000,123.46810205,123.46810205,123.41540730,123.41632080,0,1680256499999,0,60,0,0,0
1680256500000,123.41524337,123.45440932,123.41067961,123.41490736,0,1680256559999,0,60,0,0,0
1680256560000,123.41490736,123.49270616,123.41144630,123.49173991,0,1680256619999,0,60,0,0,0
1680256620000,123.49226106,123.51422472,123.49149397,123.51393803,0,1680256679999,0,60,0,0,0
1680256680000,123.51393803,123.53480051,123.51393803,123.53317482,0,1680256739999,0,60,0,0,0
1680256740000,123.53238577,123.59661456,123.52119411,123.58346960,0,1680256799999,0,60,0,0,0
1680256800000,123.58346960,123.58393674,123.56896249,123.56927481,0,1680256859999,0,60,0,0,0
1680256860000,123.56927481,123.59226299,123.56858405,123.59146589,0,1680256919999,0,60,0,0,0
1680256920000,123.59146589,123.70344047,123.58911446,123.68337287,0,1680256979999,0,60,0,0,0
1680256980000,123.68245642,123.71307997,123.68236260,123.68866739,0,1680257039999,0,60,0,0,0
1680257040000,123.68866739,123.71530497,123.68801360,123.69264561,0,1680257099999,0,60,0,0,0
1680257100000,123.69289117,123.70681098,123.64284767,123.64315205,0,1680257159999,0,60,0,0,0
1680257160000,123.64211696,123.64503177,123.60312577,123.60312577,0,1680257219999,0,60,0,0,0
1680257220000,123.60312577,123.61737247,123.58991000,123.61734816,0,1680257279999,0,60,0,0,0
1680257280000,123.61732199,123.61732199,123.56395143,123.57067246,0,1680257339999,0,60,0,0,0
1680257340000,123.57143395,123.59879109,123.57143395,123.59876530,0,1680257399999,0,60,0,0,0
1680257400000,123.59878698,123.68876281,123.59878698,123.68813599,0,1680257459999,0,60,0,0,0
1680257460000,123.68843041,123.77265798,123.68843041,123.76195070,0,1680257519999,0,60,0,0,0
1680257520000,123.76308389,123.80206198,123.76224947,123.80206198,0,1680257579999,0,60,0,0,0
1680257580000,123.80126406,123.80182730,123.75970615,123.76361109,0,1680257639999,0,60,0,0,0
1680257640000,123.76358598,123.76493273,123.76023474,123.76023474,0,1680257699999,0,60,0,0,0
1680257700000,123.76125381,123.76629171,123.75949347,123.76558033,0,1680257759999,0,60,0,0,0
1680257760000,123.76615206,123.81275547,123.75446653,123.81275547,0,1680257819999,0,60,0,0,0
1680257820000,123.81220305,123.87748402,123.81123579,123.82379647,0,1680257879999,0,60,0,0,0
1680257880000,123.82379647,123.82456972,123.80322701,123.80322701,0,1680257939999,0,60,0,0,0
1680257940000,123.80322701,123.84242216,123.80224122,123.83304790,0,1680257999999,0,60,0,0,0
1680258000000,123.83370803,123.83534495,123.76916812,123.76916812,0,1680258059999,0,60,0,0,0
1680258060000,123.76838573,123.81100671,123.75582137,123.81100671,0,1680258119999,0,60,0,0,0
1680258120000,123.81064786,123.86466414,123.81064786,123.82531731,0,1680258179999,0,60,0,0,0
1680258180000,123.82524430,123.87456549,123.79661042,123.87456549,0,1680258239999,0,60,0,0,0
1680258240000,123.87418108,123.92686109,123.85329438,123.92686109,0,1680258299999,0,60,0,0,0
1680258300000,123.92626607,123.93901312,123.88987931,123.89041355,0,1680258359999,0,60,0,0,0
1680258360000,123.89041355,123.94131892,123.88679662,123.94131892,0,1680258419999,0,60,0,0,0
1680258420000,123.94084930,124.01115876,123.94084930,124.00463864,0,1680258479999,0,60,0,0,0
1680258480000,124.00407916,124.00407916,123.90744717,123.90860672,0,1680258539999,0,60,0,0,0
1680258540000,123.90825645,123.95432710,123.90202033,123.95325458,0,1680258599999,0,60,0,0,0
1680258600000,123.95673885,123.99666632,123.95673885,123.99657470,0,1680258659999,0,60,0,0,0
1680258660000,123.99657470,124.09468210,123.99535483,124.06920253,0,1680258719999,0,60,0,0,0
1680258720000,124.07015473,124.12851467,124.05963730,124.12827004,0,1680258779999,0,60,0,0,0
1680258780000,124.12865099,124.21149455,124.12865041,124.21003612,0,1680258839999,0,60,0,0,0
1680258840000,124.21015937,124.23376556,124.18688025,124.19900746,0,1680258899999,0,60,0,0,0
1680258900000,124.19961833,124.20239622,124.16793368,124.16795045,0,1680258959999,0,60,0,0,0
1680258960000,124.16833690,124.18973879,124.15104557,124.18247411,0,1680259019999,0,60,0,0,0
1680259020000,124.18180262,124.18180262,124.15939743,124.17097258,0,1680259079999,0,60,0,0,0
1680259080000,124.17097258,124.17208249,124.15158742,124.16111854,0,1680259139999,0,60,0,0,0
1680259140000,124.16088829,124.16116902,124.15446673,124.15617176,0,1680259199999,0,60,0,0,0
1680259200000,124.15690634,124.15898511,124.13736727,124.13867578,0,1680259259999,0,60,0,0,0
1680259260000,124.13928291,124.15367295,124.13648285,124.14331653,0,1680259319999,0,60,0,0,0
1680259320000,124.14374284,124.14374512,124.07465218,124.11206496,0,1680259379999,0,60,0,0,0
1680259380000,124.11153868,124.11506005,124.09095704,124.09095704,0,1680259439999,0,60,0,0,0
1680259440000,124.09001020,124.09032001,124.05436774,124.05436774,0,1680259499999,0,60,0,0,0
1680259500000,124.05436774,124.07539891,124.04233649,124.06559851,0,1680259559999,0,60,0,0,0
1680259560000,124.06625326,124.11710837,124.06625326,124.07195777,0,1680259619999,0,60,0,0,0
1680259620000,124.07195777,124.07195777,124.04402745,124.05330129,0,1680259679999,0,60,0,0,0
1680259680000,124.04682837,124.04760584,123.98274735,123.98944095,0,1680259739999,0,60,0,0,0
1680259740000,123.98985862,124.10394611,123.98985862,124.02228252,0,1680259799999,0,60,0,0,0
1680259800000,124.02228252,124.04427464,124.02218221,124.04143842,0,1680259859999,0,60,0,0,0
1680259860000,124.04119594,124.08232746,124.04119594,124.04143494,0,1680259919999,0,60,0,0,0
1680259920000,124.04150422,124.05042638,124.03938523,124.05037098,0,1680259979999,0,60,0,0,0
1680259980000,124.05059975,124.06082173,124.00787349,124.00872550,0,1680260039999,0,60,0,0,0
1680260040000,124.00872550,124.00872550,123.88886067,123.89123921,0,1680260099999,0,60,0,0,0
1680260100000,123.89123921,123.89174211,123.88322002,123.88344080,0,1680260159999,0,60,0,0,0
1680260160000,123.88287550,123.88287550,123.80300989,123.80535261,0,1680260219999,0,60,0,0,0
1680260220000,123.80535261,123.81245120,123.75758215,123.77469661,0,1680260279999,0,60,0,0,0
1680260280000,123.77448622,123.77485995,123.76625589,123.77414967,0,1680260339999,0,60,0,0,0
1680260340000,123.77414781,123.77882880,123.77329777,123.77651606,0,1680260399999,0,60,0,0,0
1680260400000,123.77621304,123.78135254,123.72889828,123.73587136,0,1680260459999,0,60,0,0,0
1680260460000,123.73558591,123.79587420,123.73544548,123.78739282,0,1680260519999,0,60,0,0,0
1680260520000,123.76898177,123.76898177,123.72638815,123.72638815,0,1680260579999,0,60,0,0,0
1680260580000,123.72684094,123.72684094,123.72337137,123.72599525,0,1680260639999,0,60,0,0,0
1680260640000,123.72607639,123.74413425,123.72543190,123.74008484,0,1680260699999,0,60,0,0,0
1680260700000,123.74007551,123.74007551,123.73237933,123.73237933,0,1680260759999,0,60,0,0,0
1680260760000,123.73237933,123.73360983,123.70984212,123.70984212,0,1680260819999,0,60,0,0,0
1680260820000,123.72641714,123.72669853,123.64790195,123.64878567,0,1680260879999,0,60,0,0,0
1680260880000,123.64924146,123.66903476,123.63892964,123.66582016,0,1680260939999,0,60,0,0,0
1680260940000,123.66582016,123.68774432,123.65940155,123.68774432,0,1680260999999,0,60,0,0,0
1680261000000,123.68774432,123.72814634,123.68353495,123.71329361,0,1680261059999,0,60,0,0,0
1680261060000,123.71329361,123.71555302,123.70936124,123.71411207,0,1680261119999,0,60,0,0,0
1680261120000,123.71411412,123.73900664,123.71411412,123.73748873,0,1680261179999,0,60,0,0,0
1680261180000,123.73748873,123.75122183,123.73748873,123.74805990,0,1680261239999,0,60,0,0,0
1680261240000,123.74905386,123.82990080,123.74847388,123.82664532,0,1680261299999,0,60,0,0,0
1680261300000,123.82674896,123.85601135,123.82674896,123.85598643,0,1680261359999,0,60,0,0,0
1680261360000,123.85597178,123.94526612,123.85470687,123.94504855,0,1680261419999,0,60,0,0,0
1680261420000,123.94436506,123.96790363,123.93583492,123.93735874,0,1680261479999,0,60,0,0,0
1680261480000,123.93722537,123.93722537,123.89984531,123.90013602,0,1680261539999,0,60,0,0,0
1680261540000,123.89984652,123.90897597,123.85037884,123.85121530,0,1680261599999,0,60,0,0,0
1680261600000,123.85121940,123.85873142,123.84271778,123.85873142,0,1680261659999,0,60,0,0,0
1680261660000,123.85873142,123.89850728,123.85656929,123.89850728,0,1680261719999,0,60,0,0,0
1680261720000,123.89772658,123.99992569,123.89760348,123.99991953,0,1680261779999,0,60,0,0,0
1680261780000,124.00046356,124.01130380,123.95053215,123.95113400,0,1680261839999,0,60,0,0,0
1680261840000,123.94958520,123.95177904,123.79917755,123.79917755,0,1680261899999,0,60,0,0,0
1680261900000,123.80135037,123.80491120,123.72475655,123.72631833,0,1680261959999,0,60,0,0,0
1680261960000,123.72669542,123.73490714,123.71872074,123.72218527,0,1680262019999,0,60,0,0,0
1680262020000,123.72135929,123.74834193,123.71981603,123.74217105,0,1680262079999,0,60,0,0,0
1680262080000,123.74217311,123.75231427,123.67444796,123.75086591,0,1680262139999,0,60,0,0,0
1680262140000,123.75010881,123.77212336,123.74947584,123.76208735,0,1680262199999,0,60,0,0,0
1680262200000,123.76139385,123.76210104,123.73106230,123.73541231,0,1680262259999,0,60,0,0,0
1680262260000,123.73541231,123.73541231,123.72659282,123.72659282,0,1680262319999,0,60,0,0,0
1680262320000,123.72659077,123.74668929,123.71887442,123.74373609,0,1680262379999,0,60,0,0,0
1680262380000,123.74407155,123.74407155,123.66457213,123.67326181,0,1680262439999,0,60,0,0,0
1680262440000,123.68763415,123.83169849,123.68763415,123.83158005,0,1680262499999,0,60,0,0,0
1680262500000,123.83158005,124.01992449,123.83151522,124.01992449,0,1680262559999,0,60,0,0,0
1680262560000,124.02032365,124.04142944,124.01184162,124.03922830,0,1680262619999,0,60,0,0,0
1680262620000,124.03922830,124.05158244,124.01843873,124.05090966,0,1680262679999,0,60,0,0,0
1680262680000,124.05039477,124.09413796,124.04665437,124.09406785,0,1680262739999,0,60,0,0,0
1680262740000,124.09976543,124.12816054,124.09670857,124.12816054,0,1680262799999,0,60,0,0,0
1680262800000,124.12816054,124.14111502,124.09142180,124.09549092,0,1680262859999,0,60,0,0,0
1680262860000,124.09409162,124.16930599,124.09409162,124.16930599,0,1680262919999,0,60,0,0,0
1680262920000,124.17040127,124.17465167,124.16885835,124.17465167,0,1680262979999,0,60,0,0,0
1680262980000,124.17465167,124.17512509,124.15434575,124.15881890,0,1680263039999,0,60,0,0,0
1680263040000,124.15881275,124.18148490,124.15881275,124.17254603,0,1680263099999,0,60,0,0,0
1680263100000,124.17254603,124.26219835,124.17254603,124.25927647,0,1680263159999,0,60,0,0,0
1680263160000,124.25944006,124.30679539,124.25844597,124.26337794,0,1680263219999,0,60,0,0,0
1680263220000,124.24879307,124.25313066,124.23990197,124.25313066,0,1680263279999,0,60,0,0,0
1680263280000,124.25311015,124.28354730,124.22942896,124.24059056,0,1680263339999,0,60,0,0,0
1680263340000,124.24062248,124.25404541,124.19406476,124.19406476,0,1680263399999,0,60,0,0,0
1680263400000,124.19387824,124.19639095,124.18024227,124.19539777,0,1680263459999,0,60,0,0,0
1680263460000,124.19539777,124.20223888,124.19291376,124.20223888,0,1680263519999,0,60,0,0,0
1680263520000,124.20223888,124.23292843,124.20109952,124.23276368,0,1680263579999,0,60,0,0,0
1680263580000,124.23391758,124.28927430,124.23279831,124.28779627,0,1680263639999,0,60,0,0,0
1680263640000,124.28765155,124.29775312,124.28170592,124.29575343,0,1680263699999,0,60,0,0,0
1680263700000,124.29575115,124.31775868,124.29575115,124.31775681,0,1680263759999,0,60,0,0,0
1680263760000,124.31809948,124.37244393,124.31806586,124.37244393,0,1680263819999,0,60,0,0,0
1680263820000,124.37252932,124.41984159,124.37148996,124.41875793,0,1680263879999,0,60,0,0,0
1680263880000,124.41845101,124.41845101,124.33729524,124.33748546,0,1680263939999,0,60,0,0,0
1680263940000,124.33748546,124.33748546,124.28271310,124.28390057,0,1680263999999,0,60,0,0,0
1680264000000,124.28390366,124.29607027,124.26745979,124.27245223,0,1680264059999,0,60,0,0,0
1680264060000,124.27237101,124.34765943,124.27056655,124.33241059,0,1680264119999,0,60,0,0,0
1680264120000,124.33245172,124.34695898,124.32099613,124.33951912,0,1680264179999,0,60,0,0,0
1680264180000,124.33923635,124.37003708,124.31034909,124.36980907,0,1680264239999,0,60,0,0,0
1680264240000,124.36980907,124.40373301,124.35955154,124.40308511,0,1680264299999,0,60,0,0,0
1680264300000,124.40419602,124.40677118,124.32463992,124.32463992,0,1680264359999,0,60,0,0,0
1680264360000,124.32463992,124.33600675,124.32160535,124.32668987,0,1680264419999,0,60,0,0,0
1680264420000,124.32627549,124.36810040,124.30123871,124.30123989,0,1680264479999,0,60,0,0,0
1680264480000,124.30221765,124.32159610,124.29983962,124.32159610,0,1680264539999,0,60,0,0,0
1680264540000,124.32167401,124.34828921,124.31961010,124.33553751,0,1680264599999,0,60,0,0,0
1680264600000,124.33553957,124.33635211,124.32500797,124.32500900,0,1680264659999,0,60,0,0,0
1680264660000,124.32500900,124.32500900,124.28438230,124.30465909,0,1680264719999,0,60,0,0,0
1680264720000,124.30338824,124.33301120,124.25004961,124.27727445,0,1680264779999,0,60,0,0,0
1680264780000,124.27730700,124.33688694,124.27730700,124.30327949,0,1680264839999,0,60,0,0,0
1680264840000,124.30131556,124.30131556,124.26578410,124.26578410,0,1680264899999,0,60,0,0,0
1680264900000,124.26578410,124.28249046,124.26558500,124.27637314,0,1680264959999,0,60,0,0,0
1680264960000,124.27637314,124.28386776,124.22736520,124.22736520,0,1680265019999,0,60,0,0,0
1680265020000,124.22753629,124.23004605,124.15493050,124.15628483,0,1680265079999,0,60,0,0,0
1680265080000,124.15654570,124.15654570,124.08859508,124.09035188,0,1680265139999,0,60,0,0,0
1680265140000,124.09067335,124.16787832,124.09067335,124.14590891,0,1680265199999,0,60,0,0,0
1680265200000,124.14587716,124.16798592,124.14395766,124.14755237,0,1680265259999,0,60,0,0,0
1680265260000,124.14486589,124.14630609,124.09768257,124.10181478,0,1680265319999,0,60,0,0,0
1680265320000,124.10181478,124.11021097,124.07206560,124.07206747,0,1680265379999,0,60,0,0,0
1680265380000,124.07206747,124.11138485,124.06868570,124.11076599,0,1680265439999,0,60,0,0,0
1680265440000,124.11076599,124.13479826,124.10985575,124.11748353,0,1680265499999,0,60,0,0,0
1680265500000,124.11722507,124.14131707,124.11197940,124.13828770,0,1680265559999,0,60,0,0,0
1680265560000,124.14011073,124.18916672,124.14011073,124.18716801,0,1680265619999,0,60,0,0,0
1680265620000,124.18812112,124.23911709,124.18812112,124.23140966,0,1680265679999,0,60,0,0,0
1680265680000,124.23982117,124.25003419,124.23947779,124.24342232,0,1680265739999,0,60,0,0,0
1680265740000,124.24262245,124.28457687,124.24262245,124.25972945,0,1680265799999,0,60,0,0,0
1680265800000,124.25972945,124.81113639,124.15982764,124.78221020,0,1680265859999,0,60,0,0,0
1680265860000,124.79459368,124.94193997,124.78289064,124.94193997,0,1680265919999,0,60,0,0,0
1680265920000,124.94193997,124.94966944,124.86805165,124.86805165,0,1680265979999,0,60,0,0,0
1680265980000,124.87025622,124.89913952,124.85690785,124.85814446,0,1680266039999,0,60,0,0,0
1680266040000,124.85804031,124.96248784,124.85804031,124.93677185,0,1680266099999,0,60,0,0,0
1680266100000,124.93736808,124.93836082,124.89096969,124.90331707,0,1680266159999,0,60,0,0,0
1680266160000,124.90187839,125.02944054,124.90187839,124.93142852,0,1680266219999,0,60,0,0,0
1680266220000,124.93102411,124.94869202,124.89594951,124.94457306,0,1680266279999,0,60,0,0,0
1680266280000,124.94448529,125.01988496,124.93522316,125.01705701,0,1680266339999,0,60,0,0,0
1680266340000,125.01655375,125.14439453,125.01655375,125.14282107,0,1680266399999,0,60,0,0,0
1680266400000,125.10636033,125.23905843,125.08405524,125.23631570,0,1680266459999,0,60,0,0,0
1680266460000,125.23599157,125.38988260,125.22315907,125.33155904,0,1680266519999,0,60,0,0,0
1680266520000,125.33155904,125.34813101,125.31844229,125.31844229,0,1680266579999,0,60,0,0,0
1680266580000,125.31844229,125.38898009,125.16331745,125.16331745,0,1680266639999,0,60,0,0,0
1680266640000,125.16331745,125.16331745,125.07020509,125.07280723,0,1680266699999,0,60,0,0,0
1680266700000,125.07331536,125.14553831,125.07048448,125.12569327,0,1680266759999,0,60,0,0,0
1680266760000,125.12618214,125.12618214,124.89358463,124.90644184,0,1680266819999,0,60,0,0,0
1680266820000,124.90799726,124.92137981,124.86551735,124.88172229,0,1680266879999,0,60,0,0,0
1680266880000,124.88172229,124.88172229,124.75737145,124.75737145,0,1680266939999,0,60,0,0,0
1680266940000,124.75597940,124.79434954,124.74227615,124.79411585,0,1680266999999,0,60,0,0,0
1680267000000,124.79507958,124.88238757,124.79190958,124.87354970,0,1680267059999,0,60,0,0,0
1680267060000,124.87361420,124.90364433,124.83164561,124.83164561,0,1680267119999,0,60,0,0,0
1680267120000,124.83109447,124.92268069,124.83095668,124.92212339,0,1680267179999,0,60,0,0,0
1680267180000,124.92215423,125.03857164,124.92152848,125.02873111,0,1680267239999,0,60,0,0,0
1680267240000,124.98514197,124.98514197,124.93791912,124.93983565,0,1680267299999,0,60,0,0,0
1680267300000,124.93983565,125.00243083,124.93951457,125.00201782,0,1680267359999,0,60,0,0,0
1680267360000,125.00201782,125.02294965,124.92760203,124.92800716,0,1680267419999,0,60,0,0,0
1680267420000,124.92857783,124.95992875,124.92576221,124.95555846,0,1680267479999,0,60,0,0,0
1680267480000,124.95456519,125.03519150,124.95456519,125.03311622,0,1680267539999,0,60,0,0,0
1680267540000,125.03340516,125.05506563,125.00690750,125.05206214,0,1680267599999,0,60,0,0,0
1680267600000,125.05243025,125.06126663,125.03830379,125.03830379,0,1680267659999,0,60,0,0,0
1680267660000,125.03873709,125.04885556,125.03464118,125.03464118,0,1680267719999,0,60,0,0,0
1680267720000,125.03464118,125.03724168,124.96708616,124.96708616,0,1680267779999,0,60,0,0,0
1680267780000,124.96651960,124.99186397,124.94586926,124.99186397,0,1680267839999,0,60,0,0,0
1680267840000,124.99122833,124.99381623,124.94845657,124.96042576,0,1680267899999,0,60,0,0,0
1680267900000,124.96191395,124.97774766,124.95622715,124.97359033,0,1680267959999,0,60,0,0,0
1680267960000,124.97359033,125.03495843,124.97359033,125.03495843,0,1680268019999,0,60,0,0,0
1680268020000,125.03455399,125.03934228,125.00907198,125.02470653,0,1680268079999,0,60,0,0,0
1680268080000,125.02470653,125.08648668,125.02346557,125.07421861,0,1680268139999,0,60,0,0,0
1680268140000,125.07044544,125.08316646,125.02483473,125.07969493,0,1680268199999,0,60,0,0,0
1680268200000,125.07969493,125.17670662,125.07746380,125.08008383,0,1680268259999,0,60,0,0,0
1680268260000,125.10767181,125.10767181,125.06445487,125.07405301,0,1680268319999,0,60,0,0,0
1680268320000,125.07405301,125.10640094,124.99788449,124.99788449,0,1680268379999,0,60,0,0,0
1680268380000,124.99753136,125.01455664,124.99371146,125.00922133,0,1680268439999,0,60,0,0,0
1680268440000,125.03348853,125.10311011,125.03348853,125.10311011,0,1680268499999,0,60,0,0,0
1680268500000,125.10325834,125.10445616,124.99316145,124.99316145,0,1680268559999,0,60,0,0,0
1680268560000,124.99232337,124.99719345,124.88369687,124.91598178,0,1680268619999,0,60,0,0,0
1680268620000,124.91574889,125.06131277,124.91486150,125.05234862,0,1680268679999,0,60,0,0,0
1680268680000,125.04715560,125.22104790,125.04618121,125.21443460,0,1680268739999,0,60,0,0,0
1680268740000,125.21403637,125.28962118,125.20842284,125.26945506,0,1680268799999,0,60,0,0,0
1680268800000,125.26945506,125.32208779,125.22064944,125.22334407,0,1680268859999,0,60,0,0,0
1680268860000,125.22364213,125.27526797,125.22364213,125.25873525,0,1680268919999,0,60,0,0,0
1680268920000,125.25422180,125.25422180,125.17466809,125.24406026,0,1680268979999,0,60,0,0,0
1680268980000,125.24347471,125.28389139,125.23265487,125.28389139,0,1680269039999,0,60,0,0,0
1680269040000,125.28532605,125.36334356,125.28532605,125.33637705,0,1680269099999,0,60,0,0,0
1680269100000,125.33425305,125.33425305,125.25066353,125.27342605,0,1680269159999,0,60,0,0,0
1680269160000,125.27581004,125.29064581,125.22459587,125.22604473,0,1680269219999,0,60,0,0,0
1680269220000,125.22609287,125.22609287,125.14604404,125.14604404,0,1680269279999,0,60,0,0,0
1680269280000,125.14884470,125.17684123,125.12845721,125.16522965,0,1680269339999,0,60,0,0,0
1680269340000,125.16153970,125.16153970,125.08016758,125.13311442,0,1680269399999,0,60,0,0,0
1680269400000,125.13321701,125.15744976,125.08250407,125.08556085,0,1680269459999,0,60,0,0,0
1680269460000,125.08532233,125.25753868,125.08532233,125.22573139,0,1680269519999,0,60,0,0,0
1680269520000,125.22573139,125.22573139,125.12309966,125.18140990,0,1680269579999,0,60,0,0,0
1680269580000,125.17895460,125.38442982,125.17895460,125.31093424,0,1680269639999,0,60,0,0,0
1680269640000,125.31093424,125.63753849,125.31057269,125.62675776,0,1680269699999,0,60,0,0,0
1680269700000,125.62675776,125.70718742,125.59027888,125.64857631,0,1680269759999,0,60,0,0,0
1680269760000,125.64905551,125.64905551,125.53205226,125.53205226,0,1680269819999,0,60,0,0,0
1680269820000,125.53205226,125.53205226,125.45340506,125.45648174,0,1680269879999,0,60,0,0,0
1680269880000,125.46182084,125.60170177,125.31456503,125.31456503,0,1680269939999,0,60,0,0,0
1680269940000,125.31456503,125.31456503,125.07155832,125.07258638,0,1680269999999,0,60,0,0,0
1680270000000,125.07258638,125.19495690,125.07071449,125.17858498,0,1680270059999,0,60,0,0,0
1680270060000,125.17917412,125.22310310,125.04238217,125.04484482,0,1680270119999,0,60,0,0,0
1680270120000,125.04469950,125.12039359,125.04469950,125.10394784,0,1680270179999,0,60,0,0,0
1680270180000,125.10517011,125.11998750,125.10517011,125.11507594,0,1680270239999,0,60,0,0,0
1680270240000,125.11447300,125.11447300,124.98414857,124.98414857,0,1680270299999,0,60,0,0,0
1680270300000,124.98633296,125.04113433,124.93659567,124.93659567,0,1680270359999,0,60,0,0,0
1680270360000,124.93615193,125.00419772,124.93404121,125.00202124,0,1680270419999,0,60,0,0,0
1680270420000,125.00435860,125.02839383,125.00435860,125.00442907,0,1680270479999,0,60,0,0,0
1680270480000,124.98973376,124.99145047,124.92793857,124.93050526,0,1680270539999,0,60,0,0,0
1680270540000,124.92783627,124.92879452,124.90455543,124.91008554,0,1680270599999,0,60,0,0,0
1680270600000,124.90986645,124.98662755,124.90986645,124.98582635,0,1680270659999,0,60,0,0,0
1680270660000,124.98597117,125.02627437,124.98597117,125.02188476,0,1680270719999,0,60,0,0,0
1680270720000,125.02207076,125.10085630,125.01728994,125.08123894,0,1680270779999,0,60,0,0,0
1680270780000,125.08208006,125.13718323,125.06039616,125.06158907,0,1680270839999,0,60,0,0,0
1680270840000,125.06550332,125.08258244,124.97888708,124.97888812,0,1680270899999,0,60,0,0,0
1680270900000,124.97888812,125.10238556,124.96740043,125.06168606,0,1680270959999,0,60,0,0,0
1680270960000,125.06066336,125.09925776,125.06066336,125.06124403,0,1680271019999,0,60,0,0,0
1680271020000,125.06100278,125.06100278,124.89118223,124.89352571,0,1680271079999,0,60,0,0,0
1680271080000,124.89159568,124.92510862,124.87052689,124.88267401,0,1680271139999,0,60,0,0,0
1680271140000,124.88223833,124.89240663,124.81303698,124.82045311,0,1680271199999,0,60,0,0,0
1680271200000,124.82045311,124.98113305,124.82045311,124.97498858,0,1680271259999,0,60,0,0,0
1680271260000,125.00099881,125.16605074,125.00099881,125.14874624,0,1680271319999,0,60,0,0,0
1680271320000,125.14919966,125.15187536,125.13505165,125.13621915,0,1680271379999,0,60,0,0,0
1680271380000,125.09467324,125.20833318,124.98877351,124.99063075,0,1680271439999,0,60,0,0,0
1680271440000,124.98619236,124.99291052,124.96955808,124.99042516,0,1680271499999,0,60,0,0,0
1680271500000,124.99122815,125.07741847,124.99122815,125.06983095,0,1680271559999,0,60,0,0,0
1680271560000,125.06983095,125.12531196,125.06983095,125.11211350,0,1680271619999,0,60,0,0,0
1680271620000,125.11343691,125.12303622,125.08263662,125.08520482,0,1680271679999,0,60,0,0,0
1680271680000,125.08478749,125.13960547,125.08233613,125.12819865,0,1680271739999,0,60,0,0,0
1680271740000,125.12819865,125.12889547,125.07956575,125.08226328,0,1680271799999,0,60,0,0,0
1680271800000,125.07790828,125.15278109,125.07593569,125.14793870,0,1680271859999,0,60,0,0,0
1680271860000,125.15109707,125.16691099,125.14216921,125.15704638,0,1680271919999,0,60,0,0,0
1680271920000,125.15771884,125.15771884,125.05534005,125.06165666,0,1680271979999,0,60,0,0,0
1680271980000,125.06205758,125.06276462,124.97690759,124.97690759,0,1680272039999,0,60,0,0,0
1680272040000,124.97304771,125.05003558,124.91828841,125.04627805,0,1680272099999,0,60,0,0,0
1680272100000,125.04627805,125.04962636,125.01833971,125.01850157,0,1680272159999,0,60,0,0,0
1680272160000,125.01723175,125.01723175,124.86940044,124.88056426,0,1680272219999,0,60,0,0,0
1680272220000,124.87941641,124.89414833,124.86191725,124.88293120,0,1680272279999,0,60,0,0,0
1680272280000,124.88046182,124.88046182,124.69721597,124.69879524,0,1680272339999,0,60,0,0,0
1680272340000,124.69879524,124.70967343,124.63473746,124.63473746,0,1680272399999,0,60,0,0,0
1680272400000,124.63473746,124.65222516,124.62873890,124.64672529,0,1680272459999,0,60,0,0,0
1680272460000,124.64672529,124.76132295,124.64672529,124.76074594,0,1680272519999,0,60,0,0,0
1680272520000,124.75963664,124.94564519,124.75916377,124.92087908,0,1680272579999,0,60,0,0,0
1680272580000,124.92001804,125.08797488,124.90705784,125.06700310,0,1680272639999,0,60,0,0,0
1680272640000,125.06621322,125.06621322,124.85347695,124.85488431,0,1680272699999,0,60,0,0,0
1680272700000,124.85519137,124.90222406,124.82436804,124.89958012,0,1680272759999,0,60,0,0,0
1680272760000,124.89907414,124.90503662,124.79102969,124.80285080,0,1680272819999,0,60,0,0,0
1680272820000,124.80152021,124.80677257,124.71087614,124.79937773,0,1680272879999,0,60,0,0,0
1680272880000,124.80495952,124.80628434,124.73465050,124.73465050,0,1680272939999,0,60,0,0,0
1680272940000,124.72990519,124.73107726,124.59963177,124.66824318,0,1680272999999,0,60,0,0,0
1680273000000,124.66826365,124.84858466,124.66648991,124.84598582,0,1680273059999,0,60,0,0,0
1680273060000,124.84598582,124.90199052,124.84598582,124.90199052,0,1680273119999,0,60,0,0,0
1680273120000,124.90199052,125.03725691,124.90199052,125.02570685,0,1680273179999,0,60,0,0,0
1680273180000,125.09246867,125.11417283,125.03941017,125.04010697,0,1680273239999,0,60,0,0,0
1680273240000,125.04041643,125.04363521,125.01653937,125.01981425,0,1680273299999,0,60,0,0,0
1680273300000,125.01778943,125.11219450,125.01429563,125.11219450,0,1680273359999,0,60,0,0,0
1680273360000,125.11370113,125.14046737,125.07796544,125.07877364,0,1680273419999,0,60,0,0,0
1680273420000,125.08017082,125.09020623,125.06714174,125.08150412,0,1680273479999,0,60,0,0,0
1680273480000,125.07947525,125.12459230,125.07947525,125.12452285,0,1680273539999,0,60,0,0,0
1680273540000,125.12452285,125.12629550,125.08545514,125.08624134,0,1680273599999,0,60,0,0,0
1680273600000,125.08641627,125.17554360,125.08629345,125.17554360,0,1680273659999,0,60,0,0,0
1680273660000,125.18023121,125.20144033,125.12633220,125.13321333,0,1680273719999,0,60,0,0,0
1680273720000,125.13263671,125.24984250,125.12315666,125.15179253,0,1680273779999,0,60,0,0,0
1680273780000,125.15179253,125.17040434,125.14947993,125.16994224,0,1680273839999,0,60,0,0,0
1680273840000,125.16794706,125.21743228,125.16740914,125.20713786,0,1680273899999,0,60,0,0,0
1680273900000,125.20680304,125.36977936,125.20629629,125.34443822,0,1680273959999,0,60,0,0,0
1680273960000,125.34449155,125.34449155,125.31170861,125.33319737,0,1680274019999,0,60,0,0,0
1680274020000,125.33190456,125.33190456,125.25195376,125.30003982,0,1680274079999,0,60,0,0,0
1680274080000,125.29979269,125.40580679,125.29190249,125.40580679,0,1680274139999,0,60,0,0,0
1680274140000,125.41369457,125.44624046,125.40801429,125.41273328,0,1680274199999,0,60,0,0,0
1680274200000,125.42706567,125.47800917,125.42625502,125.47800917,0,1680274259999,0,60,0,0,0
1680274260000,125.47800917,125.51875266,125.47184912,125.51875266,0,1680274319999,0,60,0,0,0
1680274320000,125.51925226,125.52425257,125.49547032,125.49547032,0,1680274379999,0,60,0,0,0
1680274380000,125.49484040,125.49506374,125.45914576,125.46697339,0,1680274439999,0,60,0,0,0
1680274440000,125.46767881,125.48152757,125.46327428,125.48152757,0,1680274499999,0,60,0,0,0
1680274500000,125.48157308,125.54573886,125.48133794,125.51924685,0,1680274559999,0,60,0,0,0
1680274560000,125.52136627,125.54352360,125.51210875,125.54132205,0,1680274619999,0,60,0,0,0
1680274620000,125.54149821,125.54429593,125.49319138,125.50867042,0,1680274679999,0,60,0,0,0
1680274680000,125.50867042,125.50867042,125.40871097,125.44386015,0,1680274739999,0,60,0,0,0
1680274740000,125.44358563,125.46600788,125.33499695,125.33499695,0,1680274799999,0,60,0,0,0
1680274800000,125.33357495,125.40609254,125.33357495,125.39368888,0,1680274859999,0,60,0,0,0
1680274860000,125.39421107,125.45084060,125.39051904,125.44958097,0,1680274919999,0,60,0,0,0
1680274920000,125.44713427,125.49822948,125.44641076,125.49420345,0,1680274979999,0,60,0,0,0
1680274980000,125.49519616,125.55662445,125.49519616,125.54130936,0,1680275039999,0,60,0,0,0
1680275040000,125.54130936,125.64659292,125.53723045,125.64659292,0,1680275099999,0,60,0,0,0
1680275100000,125.64703050,125.76408272,125.64646681,125.69871529,0,1680275159999,0,60,0,0,0
1680275160000,125.69858509,125.71572708,125.69757349,125.71564666,0,1680275219999,0,60,0,0,0
1680275220000,125.75370946,125.79095147,125.73931940,125.78921488,0,1680275279999,0,60,0,0,0
1680275280000,125.78869516,125.80125030,125.71940147,125.72005198,0,1680275339999,0,60,0,0,0
1680275340000,125.72004970,125.72055890,125.60906230,125.61956316,0,1680275399999,0,60,0,0,0
1680275400000,125.58387319,125.60653025,125.56658789,125.58407837,0,1680275459999,0,60,0,0,0
1680275460000,125.58433043,125.64621668,125.57523062,125.64376063,0,1680275519999,0,60,0,0,0
1680275520000,125.64294144,125.64425004,125.56032115,125.56230062,0,1680275579999,0,60,0,0,0
1680275580000,125.56215639,125.57343727,125.52996546,125.56049012,0,1680275639999,0,60,0,0,0
1680275640000,125.56049012,125.56049012,125.30150299,125.31397094,0,1680275699999,0,60,0,0,0
1680275700000,125.31439465,125.34225990,125.12108703,125.12108703,0,1680275759999,0,60,0,0,0
1680275760000,125.12100830,125.14931978,124.86713931,124.86798708,0,1680275819999,0,60,0,0,0
1680275820000,124.87960113,124.88068292,124.78505791,124.85543660,0,1680275879999,0,60,0,0,0
1680275880000,124.85543660,124.85543660,124.71690405,124.83313197,0,1680275939999,0,60,0,0,0
1680275940000,124.83142060,124.83201273,124.69290329,124.69300879,0,1680275999999,0,60,0,0,0
1680276000000,124.69300879,124.74774520,124.65847788,124.73261262,0,1680276059999,0,60,0,0,0
1680276060000,124.73261262,124.74529550,124.70690175,124.71330455,0,1680276119999,0,60,0,0,0
1680276120000,124.71330455,124.92298143,124.71330455,124.89850461,0,1680276179999,0,60,0,0,0
1680276180000,124.89895183,124.93465818,124.85413446,124.85413446,0,1680276239999,0,60,0,0,0
1680276240000,124.85411560,124.91168854,124.85244188,124.89978051,0,1680276299999,0,60,0,0,0
1680276300000,124.89908797,124.90871308,124.86101256,124.88413491,0,1680276359999,0,60,0,0,0
1680276360000,124.88473810,124.91413219,124.85383917,124.91413219,0,1680276419999,0,60,0,0,0
1680276420000,124.91370931,124.91370931,124.81005468,124.81005468,0,1680276479999,0,60,0,0,0
1680276480000,124.81516178,124.84519291,124.80584875,124.83126888,0,1680276539999,0,60,0,0,0
1680276540000,124.83164753,124.83369519,124.76867935,124.76867935,0,1680276599999,0,60,0,0,0
1680276600000,124.76867935,124.78082990,124.75606186,124.77903301,0,1680276659999,0,60,0,0,0
1680276660000,124.77870733,124.85126460,124.73169830,124.73419838,0,1680276719999,0,60,0,0,0
1680276720000,124.73739540,124.82914730,124.73739540,124.75314371,0,1680276779999,0,60,0,0,0
1680276780000,124.75314371,124.80416813,124.70361015,124.70361015,0,1680276839999,0,60,0,0,0
1680276840000,124.70392744,124.72630536,124.70028867,124.71181985,0,1680276899999,0,60,0,0,0
1680276900000,124.71229408,124.81770219,124.71229408,124.77094680,0,1680276959999,0,60,0,0,0
1680276960000,124.77094680,124.78241815,124.70593572,124.73553342,0,1680277019999,0,60,0,0,0
1680277020000,124.73883816,124.73887801,124.70528689,124.70671237,0,1680277079999,0,60,0,0,0
1680277080000,124.70524097,124.70532750,124.65155805,124.69355902,0,1680277139999,0,60,0,0,0
1680277140000,124.69421477,124.69883122,124.50620787,124.51250216,0,1680277199999,0,60,0,0,0
1680277200000,124.51250216,124.57842432,124.51225200,124.51670595,0,1680277259999,0,60,0,0,0
1680277260000,124.51426437,124.52131280,124.50940600,124.52089781,0,1680277319999,0,60,0,0,0
1680277320000,124.52064539,124.59522894,124.49573841,124.59170325,0,1680277379999,0,60,0,0,0
1680277380000,124.59185399,124.59189430,124.54074598,124.54742447,0,1680277439999,0,60,0,0,0
1680277440000,124.54742447,124.55566816,124.54742447,124.55566816,0,1680277499999,0,60,0,0,0
1680277500000,124.55594730,124.59291694,124.54683413,124.58624635,0,1680277559999,0,60,0,0,0
1680277560000,124.55202515,124.59270696,124.54629847,124.55287613,0,1680277619999,0,60,0,0,0
1680277620000,124.55251944,124.55325107,124.51745348,124.55308401,0,1680277679999,0,60,0,0,0
1680277680000,124.55308401,124.59662469,124.54962957,124.59355633,0,1680277739999,0,60,0,0,0
1680277740000,124.59355633,124.65476697,124.56486972,124.65476697,0,1680277799999,0,60,0,0,0
1680277800000,124.65360338,124.67289522,124.65360338,124.66725281,0,1680277859999,0,60,0,0,0
1680277860000,124.66680669,124.68654552,124.66680669,124.68619346,0,1680277919999,0,60,0,0,0
1680277920000,124.68617487,124.72787463,124.68617487,124.72787463,0,1680277979999,0,60,0,0,0
1680277980000,124.72562908,124.76578301,124.69242347,124.69442361,0,1680278039999,0,60,0,0,0
1680278040000,124.69442361,124.73690370,124.68512301,124.68518122,0,1680278099999,0,60,0,0,0
1680278100000,124.68518122,124.72366787,124.68087215,124.72366787,0,1680278159999,0,60,0,0,0
1680278160000,124.72334815,124.75640034,124.72128102,124.75622101,0,1680278219999,0,60,0,0,0
1680278220000,124.75690627,124.75977420,124.70390527,124.71447162,0,1680278279999,0,60,0,0,0
1680278280000,124.71447162,124.78021827,124.71424375,124.73634918,0,1680278339999,0,60,0,0,0
1680278340000,124.73634918,124.73739971,124.68345591,124.69687246,0,1680278399999,0,60,0,0,0
1680278400000,124.69691586,124.83130004,124.69691586,124.82201932,0,1680278459999,0,60,0,0,0
1680278460000,124.82201739,124.82201739,124.77544808,124.80146767,0,1680278519999,0,60,0,0,0
1680278520000,124.80063943,124.81109034,124.79567258,124.79825242,0,1680278579999,0,60,0,0,0
1680278580000,124.79825242,124.90839444,124.79825242,124.90839444,0,1680278639999,0,60,0,0,0
1680278640000,124.90839444,124.98532656,124.90616244,124.98448560,0,1680278699999,0,60,0,0,0
1680278700000,124.98326837,124.98326837,124.92762011,124.92762011,0,1680278759999,0,60,0,0,0
1680278760000,124.92744744,124.97201892,124.73913435,124.73913435,0,1680278819999,0,60,0,0,0
1680278820000,124.73913435,124.77948930,124.70850460,124.70949060,0,1680278879999,0,60,0,0,0
1680278880000,124.71376332,124.72782516,124.70432369,124.70461641,0,1680278939999,0,60,0,0,0
1680278940000,124.70479208,124.72211892,124.69543376,124.71086816,0,1680278999999,0,60,0,0,0
1680279000000,124.71070043,124.72279048,124.70885645,124.71103848,0,1680279059999,0,60,0,0,0
1680279060000,124.71081182,124.73044007,124.69793182,124.70217800,0,1680279119999,0,60,0,0,0
1680279120000,124.70247788,124.73468756,124.64843190,124.64919850,0,1680279179999,0,60,0,0,0
1680279180000,124.64959861,124.70870878,124.64855555,124.70861455,0,1680279239999,0,60,0,0,0
1680279240000,124.70814167,124.70837502,124.66841362,124.66841362,0,1680279299999,0,60,0,0,0
1680279300000,124.66944736,124.73682964,124.66944736,124.73549661,0,1680279359999,0,60,0,0,0
1680279360000,124.73549661,124.79870659,124.73549661,124.75838013,0,1680279419999,0,60,0,0,0
1680279420000,124.75837070,124.75837070,124.65101925,124.65114698,0,1680279479999,0,60,0,0,0
1680279480000,124.65043216,124.66178071,124.62007859,124.62007859,0,1680279539999,0,60,0,0,0
1680279540000,124.62007859,124.64724410,124.61841867,124.64663547,0,1680279599999,0,60,0,0,0
1680279600000,124.64663547,124.69319173,124.64181451,124.67320477,0,1680279659999,0,60,0,0,0
1680279660000,124.67208203,124.67733947,124.66609047,124.66844472,0,1680279719999,0,60,0,0,0
1680279720000,124.66817550,124.66917556,124.61595819,124.64337608,0,1680279779999,0,60,0,0,0
1680279780000,124.64801284,124.66011094,124.53152772,124.53401940,0,1680279839999,0,60,0,0,0
1680279840000,124.53368148,124.58227885,124.47134592,124.47492198,0,1680279899999,0,60,0,0,0
1680279900000,124.47442123,124.51623350,124.47442123,124.47576244,0,1680279959999,0,60,0,0,0
1680279960000,124.47549508,124.51550441,124.46306068,124.51550441,0,1680280019999,0,60,0,0,0
1680280020000,124.51532126,124.51570265,124.41101199,124.44379275,0,1680280079999,0,60,0,0,0
1680280080000,124.44213659,124.44213659,124.40090032,124.41015905,0,1680280139999,0,60,0,0,0
1680280140000,124.41015905,124.41198002,124.38236970,124.39429258,0,1680280199999,0,60,0,0,0
1680280200000,124.39447520,124.40025477,124.34964048,124.39207688,0,1680280259999,0,60,0,0,0
1680280260000,124.39321168,124.39321168,124.33224450,124.33240611,0,1680280319999,0,60,0,0,0
1680280320000,124.33233236,124.33337488,124.29080443,124.29479587,0,1680280379999,0,60,0,0,0
1680280380000,124.29578414,124.30900971,124.29578414,124.30533106,0,1680280439999,0,60,0,0,0
1680280440000,124.30532652,124.30532652,124.29056797,124.29569072,0,1680280499999,0,60,0,0,0
1680280500000,124.29674996,124.31339229,124.29476241,124.30793659,0,1680280559999,0,60,0,0,0
1680280560000,124.30779081,124.36281663,124.30010084,124.30165554,0,1680280619999,0,60,0,0,0
1680280620000,124.30224782,124.30224782,124.25850800,124.27330280,0,1680280679999,0,60,0,0,0
1680280680000,124.27565798,124.38129379,124.27565798,124.38070219,0,1680280739999,0,60,0,0,0
1680280740000,124.38300168,124.55685934,124.38300168,124.55635954,0,1680280799999,0,60,0,0,0
1680280800000,124.55688229,124.59232283,124.55688229,124.57944869,0,1680280859999,0,60,0,0,0
1680280860000,124.57909373,124.68309104,124.57909373,124.68033077,0,1680280919999,0,60,0,0,0
1680280920000,124.68033077,124.68033077,124.58132566,124.58132566,0,1680280979999,0,60,0,0,0
1680280980000,124.58169030,124.58373763,124.50699384,124.50699384,0,1680281039999,0,60,0,0,0
1680281040000,124.50698533,124.50698533,124.47329048,124.48321474,0,1680281099999,0,60,0,0,0
1680281100000,124.48321474,124.48321474,124.44159913,124.46528907,0,1680281159999,0,60,0,0,0
1680281160000,124.46576052,124.47215858,124.39791800,124.47206359,0,1680281219999,0,60,0,0,0
1680281220000,124.47206359,124.51309171,124.47206359,124.47233304,0,1680281279999,0,60,0,0,0
1680281280000,124.47218450,124.52964064,124.47218450,124.52964064,0,1680281339999,0,60,0,0,0
1680281340000,124.52958391,124.59522762,124.52873666,124.59522762,0,1680281399999,0,60,0,0,0
1680281400000,124.61133915,124.70681162,124.61079567,124.70681162,0,1680281459999,0,60,0,0,0
1680281460000,124.70612323,124.70918739,124.67685699,124.67849802,0,1680281519999,0,60,0,0,0
1680281520000,124.67846398,124.75317251,124.67438026,124.75161322,0,1680281579999,0,60,0,0,0
1680281580000,124.75143374,124.76985277,124.73146127,124.76908929,0,1680281639999,0,60,0,0,0
1680281640000,124.76908929,124.76908929,124.67560249,124.67633020,0,1680281699999,0,60,0,0,0
1680281700000,124.67607250,124.75155315,124.65847982,124.75155315,0,1680281759999,0,60,0,0,0
1680281760000,124.75692034,124.81862160,124.75692034,124.81645581,0,1680281819999,0,60,0,0,0
1680281820000,124.81645581,124.83482822,124.81484000,124.83482822,0,1680281879999,0,60,0,0,0
1680281880000,124.83424109,124.87177575,124.81940974,124.87176086,0,1680281939999,0,60,0,0,0
1680281940000,124.87293409,124.90054031,124.87278893,124.90005180,0,1680281999999,0,60,0,0,0
1680282000000,124.90005180,124.92035986,124.90005180,124.91422953,0,1680282059999,0,60,0,0,0
1680282060000,124.91437922,124.97270998,124.91437922,124.97270998,0,1680282119999,0,60,0,0,0
1680282120000,124.97286132,125.02816830,124.97286132,124.97965743,0,1680282179999,0,60,0,0,0
1680282180000,124.98114436,125.00857339,124.97903687,125.00792335,0,1680282239999,0,60,0,0,0
1680282240000,125.00770139,125.01827998,125.00770139,125.01806268,0,1680282299999,0,60,0,0,0
1680282300000,125.01841148,125.07562778,125.01742912,125.06047152,0,1680282359999,0,60,0,0,0
1680282360000,125.06074377,125.06074377,125.04734755,125.04890699,0,1680282419999,0,60,0,0,0
1680282420000,125.04873890,125.12618142,125.04873890,125.12618142,0,1680282479999,0,60,0,0,0
1680282480000,125.12602596,125.19356142,125.12602596,125.19322130,0,1680282539999,0,60,0,0,0
1680282540000,125.19416984,125.28267192,125.19398519,125.28267192,0,1680282599999,0,60,0,0,0
1680282600000,125.28265739,125.46591356,125.28138016,125.46591356,0,1680282659999,0,60,0,0,0
1680282660000,125.46591356,125.51051844,125.46319111,125.51051471,0,1680282719999,0,60,0,0,0
1680282720000,125.51043347,125.55379257,125.51043347,125.51897656,0,1680282779999,0,60,0,0,0
1680282780000,125.51897656,125.52603390,125.47371349,125.51603846,0,1680282839999,0,60,0,0,0
1680282840000,125.51674595,125.56259531,125.51367483,125.52736938,0,1680282899999,0,60,0,0,0
1680282900000,125.52787093,125.57341163,125.52682896,125.55642758,0,1680282959999,0,60,0,0,0
1680282960000,125.56909690,125.62532448,125.56860077,125.59520189,0,1680283019999,0,60,0,0,0
1680283020000,125.59688639,125.60729130,125.54910097,125.57631303,0,1680283079999,0,60,0,0,0
1680283080000,125.57540330,125.57576870,125.54973736,125.54995191,0,1680283139999,0,60,0,0,0
1680283140000,125.54995191,125.56523623,125.54905166,125.56493361,0,1680283199999,0,60,0,0,0
1680283200000,125.56493361,125.64600602,125.54514932,125.64600602,0,1680283259999,0,60,0,0,0
1680283260000,125.64590067,125.71238287,125.64590067,125.67567979,0,1680283319999,0,60,0,0,0
1680283320000,125.67646214,125.70140998,125.65976105,125.70111707,0,1680283379999,0,60,0,0,0
1680283380000,125.70303739,125.72602873,125.70017851,125.72521177,0,1680283439999,0,60,0,0,0
1680283440000,125.72513373,125.72522367,125.66870132,125.66940749,0,1680283499999,0,60,0,0,0
1680283500000,125.66862424,125.76343118,125.66862424,125.76258748,0,1680283559999,0,60,0,0,0
1680283560000,125.76289794,125.82740158,125.76289794,125.82304604,0,1680283619999,0,60,0,0,0
1680283620000,125.82104347,125.85432738,125.76760803,125.81909266,0,1680283679999,0,60,0,0,0
1680283680000,125.81894335,125.82561938,125.81435971,125.82483552,0,1680283739999,0,60,0,0,0
1680283740000,125.82521301,125.83761733,125.78263616,125.78263616,0,1680283799999,0,60,0,0,0
1680283800000,125.78263428,125.78263428,125.49972665,125.50110735,0,1680283859999,0,60,0,0,0
1680283860000,125.49915567,125.49915567,125.43211474,125.43321664,0,1680283919999,0,60,0,0,0
1680283920000,125.43321664,125.43321664,125.36867533,125.39947706,0,1680283979999,0,60,0,0,0
1680283980000,125.39906958,125.43659256,125.39341399,125.41095473,0,1680284039999,0,60,0,0,0
1680284040000,125.40986945,125.43002031,125.39028072,125.43002031,0,1680284099999,0,60,0,0,0
1680284100000,125.43610512,125.45460677,125.43530876,125.45346820,0,1680284159999,0,60,0,0,0
1680284160000,125.45346820,125.47329996,125.38593320,125.38729797,0,1680284219999,0,60,0,0,0
1680284220000,125.38669392,125.42604108,125.37677030,125.41776678,0,1680284279999,0,60,0,0,0
1680284280000,125.41816448,125.44775299,125.41055000,125.41471318,0,1680284339999,0,60,0,0,0
1680284340000,125.41388046,125.41388046,125.23974409,125.23974409,0,1680284399999,0,60,0,0,0
1680284400000,125.23843524,125.24660493,125.20319005,125.23638603,0,1680284459999,0,60,0,0,0
1680284460000,125.23567950,125.27090843,125.22651664,125.23816881,0,1680284519999,0,60,0,0,0
1680284520000,125.23794895,125.23978414,125.19102002,125.22377814,0,1680284579999,0,60,0,0,0
1680284580000,125.22446927,125.22446927,125.11386937,125.11506854,0,1680284639999,0,60,0,0,0
1680284640000,125.11465583,125.11498209,125.05821823,125.06033428,0,1680284699999,0,60,0,0,0
1680284700000,125.06033428,125.06997460,124.81831059,124.83142420,0,1680284759999,0,60,0,0,0
1680284760000,124.83142420,124.92919029,124.82710528,124.92919029,0,1680284819999,0,60,0,0,0
1680284820000,124.90718160,124.92171418,124.88447196,124.90642902,0,1680284879999,0,60,0,0,0
1680284880000,124.90717879,124.90755857,124.88998694,124.89277744,0,1680284939999,0,60,0,0,0
1680284940000,124.89321375,124.89376156,124.81317556,124.81317556,0,1680284999999,0,60,0,0,0
1680285000000,124.81359205,124.81359205,124.51415431,124.51421020,0,1680285059999,0,60,0,0,0
1680285060000,124.51378217,124.51378217,124.50730692,124.50730692,0,1680285119999,0,60,0,0,0
1680285120000,124.50730692,124.54269822,124.40176230,124.40176230,0,1680285179999,0,60,0,0,0
1680285180000,124.40196631,124.48912454,124.39989301,124.47641092,0,1680285239999,0,60,0,0,0
1680285240000,124.47693632,124.47777937,124.40118606,124.40542716,0,1680285299999,0,60,0,0,0
1680285300000,124.40483054,124.41033124,124.38235793,124.39426868,0,1680285359999,0,60,0,0,0
1680285360000,124.39426868,124.42328627,124.38872117,124.42328627,0,1680285419999,0,60,0,0,0
1680285420000,124.42330252,124.48883756,124.42330252,124.48784593,0,1680285479999,0,60,0,0,0
1680285480000,124.48785875,124.54499315,124.47913384,124.54499315,0,1680285539999,0,60,0,0,0
1680285540000,124.54570473,124.56335724,124.54528839,124.56233136,0,1680285599999,0,60,0,0,0
1680285600000,124.56196375,124.62164999,124.56196375,124.61766852,0,1680285659999,0,60,0,0,0
1680285660000,124.61744914,124.62159036,124.58735532,124.62159036,0,1680285719999,0,60,0,0,0
1680285720000,124.62119539,124.62119539,124.58064518,124.58333234,0,1680285779999,0,60,0,0,0
1680285780000,124.58645531,124.58645531,124.53572664,124.53685708,0,1680285839999,0,60,0,0,0
1680285840000,124.53678255,124.62949356,124.53678255,124.60360794,0,1680285899999,0,60,0,0,0
1680285900000,124.60360794,124.64439148,124.60360794,124.64407022,0,1680285959999,0,60,0,0,0
1680285960000,124.64407022,124.67572048,124.63702983,124.64291066,0,1680286019999,0,59,0,0,0
1680286020000,124.64291066,124.73472203,124.63168753,124.73472203,0,1680286079999,0,60,0,0,0
1680286080000,124.73472203,124.73472203,124.65369212,124.65369212,0,1680286139999,0,60,0,0,0
1680286140000,124.65419818,124.65419818,124.62997797,124.62997797,0,1680286199999,0,60,0,0,0
1680286200000,124.62982428,124.63005303,124.57901236,124.58025412,0,1680286259999,0,60,0,0,0
1680286260000,124.58078596,124.58078596,124.52846388,124.53406165,0,1680286319999,0,59,0,0,0
1680286320000,124.53400303,124.53497141,124.49911506,124.49911506,0,1680286379999,0,60,0,0,0
1680286380000,124.49916356,124.53037232,124.49691414,124.52935015,0,1680286439999,0,60,0,0,0
1680286440000,124.52950888,124.52977548,124.45957228,124.45968674,0,1680286499999,0,60,0,0,0
1680286500000,124.45976359,124.48086694,124.43708119,124.48056807,0,1680286559999,0,60,0,0,0
1680286560000,124.48056807,124.48100528,124.44105842,124.46711950,0,1680286619999,0,60,0,0,0
1680286620000,124.46914002,124.58089980,124.44315400,124.55330156,0,1680286679999,0,60,0,0,0
1680286680000,124.55331418,124.55587940,124.53730294,124.54829711,0,1680286739999,0,60,0,0,0
1680286740000,124.54829711,124.54829711,124.51488011,124.52991000,0,1680286799999,0,60,0,0,0
1680286800000,124.52992262,124.58061476,124.52318388,124.57980643,0,1680286859999,0,60,0,0,0
1680286860000,124.57998714,124.67469085,124.57333665,124.67469085,0,1680286919999,0,60,0,0,0
1680286920000,124.67460247,124.67460247,124.63131130,124.65178246,0,1680286979999,0,60,0,0,0
1680286980000,124.65192702,124.90242514,124.65161180,124.90242514,0,1680287039999,0,60,0,0,0
1680287040000,124.90147729,124.90415931,124.87647020,124.89211164,0,1680287099999,0,60,0,0,0
1680287100000,124.88141440,124.89751757,124.88095684,124.89751757,0,1680287159999,0,60,0,0,0
1680287160000,124.89920014,124.91606188,124.88945271,124.91606188,0,1680287219999,0,60,0,0,0
1680287220000,124.91606188,124.98957709,124.91606188,124.98871495,0,1680287279999,0,60,0,0,0
1680287280000,124.98869281,125.04299467,124.98869281,125.04299467,0,1680287339999,0,60,0,0,0
1680287340000,125.04306664,125.06801179,125.03674443,125.06801179,0,1680287399999,0,60,0,0,0
1680287400000,125.06870209,125.08488068,124.97661549,124.97739437,0,1680287459999,0,60,0,0,0
1680287460000,124.97703332,125.00382223,124.97703332,124.98200380,0,1680287519999,0,60,0,0,0
1680287520000,124.98260416,125.01932131,124.95675231,124.96033239,0,1680287579999,0,60,0,0,0
1680287580000,124.96000847,124.96000847,124.86846852,124.87140546,0,1680287639999,0,60,0,0,0
1680287640000,124.87140546,124.87140546,124.85239740,124.86475883,0,1680287699999,0,60,0,0,0
1680287700000,124.86526861,124.86579102,124.82551288,124.82571973,0,1680287759999,0,60,0,0,0
1680287760000,124.82559211,124.87565272,124.82088470,124.85448015,0,1680287819999,0,60,0,0,0
1680287820000,124.85448015,124.85448015,124.80045881,124.80156621,0,1680287879999,0,60,0,0,0
1680287880000,124.80160247,124.81578947,124.78778108,124.80564247,0,1680287939999,0,60,0,0,0
1680287940000,124.80582220,124.80631132,124.77208002,124.78562355,0,1680287999999,0,60,0,0,0
1680288000000,124.78562355,124.78653448,124.75951329,124.78302484,0,1680288059999,0,60,0,0,0
1680288060000,124.78349500,124.78970419,124.75852736,124.77507143,0,1680288119999,0,60,0,0,0
1680288120000,124.77569565,124.79778571,124.73722142,124.73722142,0,1680288179999,0,60,0,0,0
1680288180000,124.73684471,124.78351914,124.73509753,124.78351914,0,1680288239999,0,60,0,0,0
1680288240000,124.78351914,124.83035115,124.78307823,124.83022740,0,1680288299999,0,60,0,0,0
1680288300000,124.82934720,124.82934720,124.80437872,124.81516721,0,1680288359999,0,60,0,0,0
1680288360000,124.81510250,124.84783797,124.81140638,124.84746337,0,1680288419999,0,60,0,0,0
1680288420000,124.84772931,124.84847111,124.84243423,124.84247843,0,1680288479999,0,60,0,0,0
1680288480000,124.84269910,124.86943018,124.83136560,124.86943018,0,1680288539999,0,60,0,0,0
1680288540000,124.86961979,124.91466630,124.86908502,124.91434046,0,1680288599999,0,60,0,0,0
1680288600000,124.91434046,124.92892229,124.89400729,124.91178396,0,1680288659999,0,60,0,0,0
1680288660000,124.91162438,125.05025113,124.90749992,124.97846369,0,1680288719999,0,60,0,0,0
1680288720000,124.97846369,124.97860102,124.90862370,124.92599066,0,1680288779999,0,60,0,0,0
1680288780000,124.92587127,124.92587127,124.90900955,124.91143082,0,1680288839999,0,60,0,0,0
1680288840000,124.91143082,124.92121861,124.91143082,124.91918904,0,1680288899999,0,60,0,0,0
1680288900000,124.91819815,124.92983263,124.90790299,124.90999032,0,1680288959999,0,60,0,0,0
1680288960000,124.91033140,124.92722905,124.89555355,124.89705045,0,1680289019999,0,60,0,0,0
1680289020000,124.89705045,124.90036648,124.88448542,124.88599015,0,1680289079999,0,60,0,0,0
1680289080000,124.88599202,124.90749245,124.87910222,124.90325824,0,1680289139999,0,60,0,0,0
1680289140000,124.90240672,124.91021036,124.83729982,124.83803115,0,1680289199999,0,60,0,0,0
1680289200000,124.83803302,124.83803302,124.81732799,124.81853805,0,1680289259999,0,60,0,0,0
1680289260000,124.81833023,124.85482314,124.81733029,124.85447955,0,1680289319999,0,60,0,0,0
1680289320000,124.85469710,124.91464164,124.85469710,124.91464164,0,1680289379999,0,60,0,0,0
1680289380000,124.91853140,124.94010122,124.91455744,124.91455744,0,1680289439999,0,60,0,0,0
1680289440000,124.91455744,124.91455744,124.82635536,124.84232744,0,1680289499999,0,60,0,0,0
1680289500000,124.84194930,124.85044265,124.81621303,124.83072042,0,1680289559999,0,60,0,0,0
1680289560000,124.83019215,124.83847125,124.82677147,124.83703189,0,1680289619999,0,60,0,0,0
1680289620000,124.83539127,124.83539127,124.79869801,124.81161935,0,1680289679999,0,60,0,0,0
1680289680000,124.81153355,124.88452250,124.81153355,124.88452250,0,1680289739999,0,60,0,0,0
1680289740000,124.88450755,124.88643078,124.87922481,124.88266292,0,1680289799999,0,60,0,0,0
1680289800000,124.88532614,124.89551007,124.84792847,124.89551007,0,1680289859999,0,60,0,0,0
1680289860000,124.89520486,124.92953149,124.89374015,124.92953149,0,1680289919999,0,60,0,0,0
1680289920000,124.93147834,124.93147834,124.83847516,124.83847516,0,1680289979999,0,60,0,0,0
1680289980000,124.83992294,124.94709784,124.83992294,124.94709784,0,1680290039999,0,60,0,0,0
1680290040000,124.94868491,124.98170379,124.93952670,124.95458920,0,1680290099999,0,60,0,0,0
1680290100000,124.95128689,124.95897691,124.93679618,124.93949926,0,1680290159999,0,60,0,0,0
1680290160000,124.93949926,124.94659934,124.93550723,124.94613101,0,1680290219999,0,60,0,0,0
1680290220000,124.94565959,124.99555780,124.94356855,124.99555780,0,1680290279999,0,60,0,0,0
1680290280000,124.99538094,125.06675269,124.99538094,125.00345056,0,1680290339999,0,60,0,0,0
1680290340000,125.00376799,125.00376799,124.94504838,124.96704812,0,1680290399999,0,60,0,0,0
1680290400000,124.96704812,124.98717517,124.95658199,124.97634529,0,1680290459999,0,60,0,0,0
1680290460000,124.97633615,125.01234648,124.97601955,125.01234648,0,1680290519999,0,60,0,0,0
1680290520000,125.01333701,125.04050418,124.99615214,125.03686125,0,1680290579999,0,60,0,0,0
1680290580000,125.00749607,125.03659800,125.00749607,125.03070402,0,1680290639999,0,60,0,0,0
1680290640000,125.03833515,125.09444060,125.02749608,125.09444060,0,1680290699999,0,60,0,0,0
1680290700000,125.09445088,125.09445088,125.07282749,125.08374679,0,1680290759999,0,60,0,0,0
1680290760000,125.08374679,125.10396704,125.08154884,125.10361744,0,1680290819999,0,60,0,0,0
1680290820000,125.09303662,125.09303662,125.08298674,125.08754031,0,1680290879999,0,60,0,0,0
1680290880000,125.08791422,125.09680931,125.08347149,125.08452988,0,1680290939999,0,60,0,0,0
1680290940000,125.08317439,125.08331367,125.05705083,125.07695572,0,1680290999999,0,60,0,0,0
1680291000000,125.07681193,125.16190964,125.07438255,125.15662074,0,1680291059999,0,60,0,0,0
1680291060000,125.14918368,125.15139523,125.09747600,125.15139523,0,1680291119999,0,60,0,0,0
1680291120000,125.14984197,125.15725398,125.13434957,125.13840907,0,1680291179999,0,60,0,0,0
1680291180000,125.13810095,125.14814603,125.10914984,125.11058647,0,1680291239999,0,60,0,0,0
1680291240000,125.11181278,125.11657697,125.08772202,125.08872195,0,1680291299999,0,60,0,0,0
1680291300000,125.08895174,125.08915146,125.06322784,125.08608511,0,1680291359999,0,60,0,0,0
1680291360000,125.08608511,125.32191377,125.08608511,125.32146052,0,1680291419999,0,60,0,0,0
1680291420000,125.32258852,125.37663711,125.28101426,125.37417226,0,1680291479999,0,60,0,0,0
1680291480000,125.37436158,125.45969885,125.37140211,125.44050616,0,1680291539999,0,60,0,0,0
1680291540000,125.44056201,125.44056201,125.37751603,125.39939357,0,1680291599999,0,60,0,0,0
1680291600000,125.39924907,125.44762386,125.39632280,125.39724145,0,1680291659999,0,60,0,0,0
1680291660000,125.39724145,125.39724145,125.31055530,125.33273942,0,1680291719999,0,60,0,0,0
1680291720000,125.33034448,125.33299861,125.28664900,125.29249638,0,1680291779999,0,60,0,0,0
1680291780000,125.29249638,125.29879724,125.23282530,125.23282530,0,1680291839999,0,60,0,0,0
1680291840000,125.23364601,125.23423683,125.22312782,125.22393503,0,1680291899999,0,60,0,0,0
1680291900000,125.22371390,125.23103949,125.22260410,125.22469492,0,1680291959999,0,60,0,0,0
1680291960000,125.22469492,125.23424892,125.21495624,125.21527139,0,1680292019999,0,60,0,0,0
1680292020000,125.21518225,125.21555841,125.19133211,125.19142945,0,1680292079999,0,60,0,0,0
1680292080000,125.19066004,125.19066004,125.10434881,125.10904893,0,1680292139999,0,60,0,0,0
1680292140000,125.10861806,125.10895186,125.09710637,125.09710637,0,1680292199999,0,60,0,0,0
1680292200000,125.09786156,125.11447981,125.09786156,125.10541337,0,1680292259999,0,60,0,0,0
1680292260000,125.10541337,125.10645404,125.09860054,125.10189341,0,1680292319999,0,60,0,0,0
1680292320000,125.10189341,125.14325277,125.10027969,125.14315418,0,1680292379999,0,60,0,0,0
1680292380000,125.14319731,125.26496773,125.14131947,125.26496773,0,1680292439999,0,60,0,0,0
1680292440000,125.26496773,125.30611546,125.24478482,125.30221539,0,1680292499999,0,60,0,0,0
1680292500000,125.30252949,125.32085964,125.28313822,125.29625738,0,1680292559999,0,60,0,0,0
1680292560000,125.29186903,125.34877126,125.27071638,125.27130482,0,1680292619999,0,60,0,0,0
1680292620000,125.27130482,125.31053691,125.26600397,125.28990655,0,1680292679999,0,60,0,0,0
1680292680000,125.29025609,125.30249438,125.25325749,125.25326779,0,1680292739999,0,60,0,0,0
1680292740000,125.25326779,125.29307270,125.25271188,125.26260602,0,1680292799999,0,60,0,0,0
1680292800000,125.26260602,125.26843442,125.22536668,125.22538160,0,1680292859999,0,60,0,0,0
1680292860000,125.22538160,125.24816416,125.22153785,125.24358872,0,1680292919999,0,60,0,0,0
1680292920000,125.24376499,125.29218442,125.23043861,125.29218442,0,1680292979999,0,60,0,0,0
1680292980000,125.29260398,125.32796119,125.28959298,125.32659704,0,1680293039999,0,60,0,0,0
1680293040000,125.32654484,125.33287678,125.32145491,125.32206489,0,1680293099999,0,60,0,0,0
1680293100000,125.32150965,125.33078876,125.30543392,125.32939448,0,1680293159999,0,60,0,0,0
1680293160000,125.32939448,125.32939448,125.25108500,125.25108500,0,1680293219999,0,60,0,0,0
1680293220000,125.25203097,125.26175399,125.24459254,125.24651915,0,1680293279999,0,60,0,0,0
1680293280000,125.24525952,125.25200148,125.19106714,125.19122774,0,1680293339999,0,60,0,0,0
1680293340000,125.19090398,125.19125187,125.13116306,125.13116306,0,1680293399999,0,60,0,0,0
1680293400000,125.13116306,125.13116306,125.06911751,125.07459389,0,1680293459999,0,60,0,0,0
1680293460000,125.07462391,125.07462391,125.05388536,125.05412553,0,1680293519999,0,60,0,0,0
1680293520000,125.05408603,125.05408603,125.01986116,125.02049905,0,1680293579999,0,60,0,0,0
1680293580000,125.01985156,125.01985156,124.93502611,124.93502611,0,1680293639999,0,60,0,0,0
1680293640000,124.93513063,124.93682879,124.87747705,124.88652345,0,1680293699999,0,60,0,0,0
1680293700000,124.88677310,124.89407198,124.87848281,124.87960097,0,1680293759999,0,60,0,0,0
1680293760000,124.87976120,124.88528528,124.79165159,124.79264857,0,1680293819999,0,60,0,0,0
1680293820000,124.79220795,124.79220795,124.70940373,124.78119477,0,1680293879999,0,60,0,0,0
1680293880000,124.77920729,124.77920729,124.56945935,124.57308383,0,1680293939999,0,60,0,0,0
1680293940000,124.57291101,124.59294346,124.56863001,124.59294346,0,1680293999999,0,60,0,0,0
1680294000000,124.59294346,124.60852045,124.58941021,124.60559979,0,1680294059999,0,60,0,0,0
1680294060000,124.60559979,124.67307583,124.59474245,124.67136173,0,1680294119999,0,60,0,0,0
1680294120000,124.67136173,124.77013510,124.67136173,124.77013510,0,1680294179999,0,60,0,0,0
1680294180000,124.77010762,124.81095483,124.71872248,124.71876715,0,1680294239999,0,60,0,0,0
1680294240000,124.71872435,124.71872435,124.65686579,124.68482503,0,1680294299999,0,60,0,0,0
1680294300000,124.68355439,124.68512207,124.62479736,124.62870484,0,1680294359999,0,60,0,0,0
1680294360000,124.62990189,124.63124069,124.54381678,124.54404304,0,1680294419999,0,60,0,0,0
1680294420000,124.54359063,124.59260770,124.54358117,124.58993342,0,1680294479999,0,60,0,0,0
1680294480000,124.58946944,124.67321775,124.58599724,124.67321775,0,1680294539999,0,60,0,0,0
1680294540000,124.67326438,124.69989271,124.67292462,124.69729848,0,1680294599999,0,60,0,0,0
1680294600000,124.69714926,124.74520450,124.69714926,124.72936690,0,1680294659999,0,60,0,0,0
1680294660000,124.72962348,124.73629473,124.72730523,124.73527725,0,1680294719999,0,60,0,0,0
1680294720000,124.73527725,124.73527930,124.69840538,124.70144625,0,1680294779999,0,60,0,0,0
1680294780000,124.70143189,124.71849484,124.68705528,124.71849484,0,1680294839999,0,60,0,0,0
1680294840000,124.71849279,124.77488128,124.71681818,124.77205190,0,1680294899999,0,60,0,0,0
1680294900000,124.77133291,124.85844456,124.77014083,124.85771632,0,1680294959999,0,60,0,0,0
1680294960000,124.85726598,124.87417448,124.85405057,124.87417448,0,1680295019999,0,60,0,0,0
1680295020000,124.87354613,124.93394393,124.85588147,124.93154995,0,1680295079999,0,60,0,0,0
1680295080000,124.93303953,124.96172465,124.92811895,124.93007440,0,1680295139999,0,60,0,0,0
1680295140000,124.92414059,124.95299534,124.88493343,124.89881910,0,1680295199999,0,60,0,0,0
1680295200000,124.89876781,124.89876781,124.82916175,124.84150316,0,1680295259999,0,60,0,0,0
1680295260000,124.84363864,124.92920828,124.84363864,124.91984845,0,1680295319999,0,60,0,0,0
1680295320000,124.91984845,124.92896024,124.91410894,124.92893767,0,1680295379999,0,60,0,0,0
1680295380000,124.92893767,124.92893767,124.86568380,124.87677952,0,1680295439999,0,60,0,0,0
1680295440000,124.87663719,124.91925663,124.87663719,124.91770883,0,1680295499999,0,60,0,0,0
1680295500000,124.91770883,124.93452005,124.87912522,124.93417179,0,1680295559999,0,60,0,0,0
1680295560000,124.93403457,124.93448853,124.90612345,124.91951705,0,1680295619999,0,60,0,0,0
1680295620000,124.91903944,124.93456987,124.90135173,124.91093014,0,1680295679999,0,60,0,0,0
1680295680000,124.91269951,124.92605159,124.90092740,124.92077073,0,1680295739999,0,60,0,0,0
1680295740000,124.92195760,124.92500409,124.91659701,124.92030876,0,1680295799999,0,60,0,0,0
1680295800000,124.92030262,124.96107541,124.92030262,124.96107541,0,1680295859999,0,60,0,0,0
1680295860000,124.96107541,124.96971739,124.90166152,124.90179287,0,1680295919999,0,60,0,0,0
1680295920000,124.90179287,124.90325736,124.83147536,124.84193660,0,1680295979999,0,60,0,0,0
1680295980000,124.84193660,124.87724569,124.84193660,124.87103056,0,1680296039999,0,60,0,0,0
1680296040000,124.87553335,124.97045294,124.85894016,124.96651181,0,1680296099999,0,60,0,0,0
1680296100000,124.96615823,124.97666819,124.96427957,124.96568847,0,1680296159999,0,60,0,0,0
1680296160000,124.96568847,124.99602176,124.96199782,124.98703061,0,1680296219999,0,60,0,0,0
1680296220000,124.98482843,125.00904649,124.79171478,124.79478448,0,1680296279999,0,60,0,0,0
1680296280000,124.82565697,124.82849973,124.77433569,124.77452918,0,1680296339999,0,60,0,0,0
1680296340000,124.75094270,124.77551849,124.74287478,124.77551029,0,1680296399999,0,60,0,0,0
1680296400000,124.77551029,124.77632107,124.66474622,124.69602792,0,1680296459999,0,60,0,0,0
1680296460000,124.69558559,124.70038229,124.67569892,124.67580927,0,1680296519999,0,60,0,0,0
1680296520000,124.67664613,124.68443717,124.64669704,124.64862955,0,1680296579999,0,60,0,0,0
1680296580000,124.64862955,124.64862955,124.59357091,124.59357091,0,1680296639999,0,60,0,0,0
1680296640000,124.59401496,124.61453932,124.59004083,124.60613663,0,1680296699999,0,60,0,0,0
1680296700000,124.60898078,124.60898078,124.59464584,124.59730069,0,1680296759999,0,60,0,0,0
1680296760000,124.59674054,124.59820252,124.59423625,124.59606580,0,1680296819999,0,60,0,0,0
1680296820000,124.59730829,124.59730829,124.51200515,124.51256055,0,1680296879999,0,60,0,0,0
1680296880000,124.51262746,124.51725613,124.50987450,124.51489411,0,1680296939999,0,60,0,0,0
1680296940000,124.51310750,124.54636366,124.51178090,124.52700548,0,1680296999999,0,60,0,0,0
1680297000000,124.52665407,124.52665407,124.50952880,124.51922591,0,1680297059999,0,60,0,0,0
1680297060000,124.51697773,124.52404444,124.51612021,124.51633279,0,1680297119999,0,60,0,0,0
1680297120000,124.51632824,124.54452575,124.46396568,124.47599253,0,1680297179999,0,60,0,0,0
1680297180000,124.47569945,124.52870282,124.47440890,124.52184248,0,1680297239999,0,60,0,0,0
1680297240000,124.52202310,124.52380989,124.51444262,124.51675017,0,1680297299999,0,60,0,0,0
1680297300000,124.51564591,124.54850959,124.51564591,124.54850959,0,1680297359999,0,60,0,0,0
1680297360000,124.54850959,124.60293137,124.54059350,124.59226586,0,1680297419999,0,60,0,0,0
1680297420000,124.59226586,124.61261105,124.56559533,124.56559533,0,1680297479999,0,60,0,0,0
1680297480000,124.56557827,124.57119235,124.53131428,124.53140890,0,1680297539999,0,60,0,0,0
1680297540000,124.53066247,124.53498459,124.52964181,124.53056006,0,1680297599999,0,60,0,0,0
1680297600000,124.53027809,124.53027809,124.51709264,124.51709264,0,1680297659999,0,60,0,0,0
1680297660000,124.51696480,124.55513487,124.51692390,124.55513487,0,1680297719999,0,60,0,0,0
1680297720000,124.55513487,124.67264780,124.55513487,124.63054434,0,1680297779999,0,60,0,0,0
1680297780000,124.63124640,124.69510663,124.61883542,124.69471019,0,1680297839999,0,60,0,0,0
1680297840000,124.69579769,124.75128570,124.68956479,124.75128570,0,1680297899999,0,60,0,0,0
1680297900000,124.75233482,124.86263256,124.75233482,124.86162959,0,1680297959999,0,60,0,0,0
1680297960000,124.86094507,124.86109439,124.79346250,124.80036849,0,1680298019999,0,60,0,0,0
1680298020000,124.80140545,124.84214337,124.80024494,124.83690493,0,1680298079999,0,60,0,0,0
1680298080000,124.83653972,124.83682748,124.78611242,124.78777093,0,1680298139999,0,60,0,0,0
1680298140000,124.78776410,124.78776410,124.76193031,124.78137803,0,1680298199999,0,60,0,0,0
1680298200000,124.78124838,124.78889826,124.78077329,124.78817521,0,1680298259999,0,60,0,0,0
1680298260000,124.78817521,124.85324726,124.78701386,124.85324726,0,1680298319999,0,60,0,0,0
1680298320000,124.85324726,124.86823769,124.84764058,124.86818652,0,1680298379999,0,60,0,0,0
1680298380000,124.86873766,124.88865753,124.84008725,124.88800172,0,1680298439999,0,60,0,0,0
1680298440000,124.88898089,124.94699207,124.86138000,124.93561090,0,1680298499999,0,60,0,0,0
1680298500000,124.93528337,124.98576457,124.93528337,124.98576457,0,1680298559999,0,60,0,0,0
1680298560000,124.98620085,124.99710491,124.94613001,124.95395828,0,1680298619999,0,60,0,0,0
1680298620000,124.95385477,125.02196798,124.95385477,124.99710775,0,1680298679999,0,60,0,0,0
1680298680000,124.99716636,125.00396652,124.95414490,124.95805101,0,1680298739999,0,60,0,0,0
1680298740000,124.95805101,124.98780205,124.94470187,124.98780205,0,1680298799999,0,60,0,0,0
1680298800000,124.98780205,125.04797091,124.98780205,125.04736838,0,1680298859999,0,60,0,0,0
1680298860000,125.04798893,125.05197064,125.03624049,125.03624049,0,1680298919999,0,60,0,0,0
1680298920000,125.03593343,125.10451603,125.01137245,125.09320880,0,1680298979999,0,60,0,0,0
1680298980000,125.09316782,125.09770450,125.07920313,125.08899172,0,1680299039999,0,60,0,0,0
1680299040000,125.08940113,125.12294014,125.05339945,125.10469930,0,1680299099999,0,60,0,0,0
1680299100000,125.10443504,125.11536263,125.09209669,125.10929517,0,1680299159999,0,60,0,0,0
1680299160000,125.11109680,125.13485390,125.10680587,125.12805104,0,1680299219999,0,60,0,0,0
1680299220000,125.12603722,125.12603722,125.06579821,125.06938238,0,1680299279999,0,60,0,0,0
1680299280000,125.06877315,125.09250034,125.05113486,125.05804633,0,1680299339999,0,60,0,0,0
1680299340000,125.05701408,125.10019257,125.03827003,125.08200255,0,1680299399999,0,60,0,0,0
1680299400000,125.08200255,125.16780723,125.08187017,125.16325694,0,1680299459999,0,60,0,0,0
1680299460000,125.16325694,125.18516110,125.15183155,125.15224654,0,1680299519999,0,60,0,0,0
1680299520000,125.15224654,125.15512367,125.12152082,125.13289533,0,1680299579999,0,60,0,0,0
1680299580000,125.13245897,125.13245897,125.02560640,125.03333180,0,1680299639999,0,60,0,0,0
1680299640000,125.03292003,125.06149947,125.03004370,125.05574686,0,1680299699999,0,60,0,0,0
1680299700000,125.04074771,125.06433385,125.01692383,125.04720083,0,1680299759999,0,60,0,0,0
1680299760000,125.04710030,125.04710030,124.97050420,124.97370942,0,1680299819999,0,60,0,0,0
1680299820000,124.97404599,125.01463270,124.97404599,125.01274982,0,1680299879999,0,60,0,0,0
1680299880000,125.01274982,125.01952043,124.98640333,124.98742734,0,1680299939999,0,60,0,0,0
1680299940000,124.98713987,124.98780445,124.98040623,124.98771582,0,1680299999999,0,60,0,0,0
1680300000000,124.98771582,124.98953400,124.97282977,124.97282977,0,1680300059999,0,60,0,0,0
1680300060000,124.97202676,124.97290302,124.94727640,124.94812819,0,1680300119999,0,60,0,0,0
1680300120000,124.94815963,124.94815963,124.86247174,124.87670759,0,1680300179999,0,60,0,0,0
1680300180000,124.87704837,124.87922808,124.85988762,124.86468710,0,1680300239999,0,60,0,0,0
1680300240000,124.86406602,124.87257486,124.84085485,124.84606586,0,1680300299999,0,60,0,0,0
1680300300000,124.84606586,124.91722350,124.84606586,124.91722350,0,1680300359999,0,60,0,0,0
1680300360000,124.91722350,124.93245178,124.89731967,124.91184047,0,1680300419999,0,60,0,0,0
1680300420000,124.91177492,124.91258146,124.89171994,124.90311316,0,1680300479999,0,60,0,0,0
1680300480000,124.90311214,125.02734634,124.90311214,125.02734634,0,1680300539999,0,60,0,0,0
1680300540000,125.02734868,125.04350806,125.01035343,125.01629173,0,1680300599999,0,60,0,0,0
1680300600000,125.01629173,125.02116873,125.01037391,125.01107264,0,1680300659999,0,60,0,0,0
1680300660000,125.01299466,125.06078690,125.01299466,125.05961222,0,1680300719999,0,60,0,0,0
1680300720000,125.05942248,125.08847679,125.04943390,125.08673879,0,1680300779999,0,60,0,0,0
1680300780000,125.08608653,125.08608653,125.07247521,125.07319505,0,1680300839999,0,60,0,0,0
1680300840000,125.07378597,125.09593256,125.04582434,125.07098888,0,1680300899999,0,60,0,0,0
1680300900000,125.07091323,125.16134360,125.07091323,125.15877633,0,1680300959999,0,60,0,0,0
1680300960000,125.15877633,125.18369443,125.15877633,125.18369443,0,1680301019999,0,60,0,0,0
1680301020000,125.18395281,125.21564768,125.18395281,125.20923625,0,1680301079999,0,60,0,0,0
1680301080000,125.20550292,125.25305079,125.19621563,125.25004038,0,1680301139999,0,60,0,0,0
1680301140000,125.24618054,125.28193746,125.24468187,125.27883162,0,1680301199999,0,60,0,0,0
1680301200000,125.27683005,125.28172005,125.17237194,125.21939761,0,1680301259999,0,60,0,0,0
1680301260000,125.21951930,125.34031021,125.21484619,125.34031021,0,1680301319999,0,60,0,0,0
1680301320000,125.33977360,125.34069478,125.18280760,125.23915816,0,1680301379999,0,60,0,0,0
1680301380000,125.23915816,125.26364590,125.21235740,125.21444235,0,1680301439999,0,60,0,0,0
1680301440000,125.21415178,125.21727194,125.16073726,125.16979582,0,1680301499999,0,60,0,0,0
1680301500000,125.16872173,125.16965191,125.07801098,125.08267672,0,1680301559999,0,60,0,0,0
1680301560000,125.08413347,125.09421554,125.08413347,125.08900634,0,1680301619999,0,60,0,0,0
1680301620000,125.08922981,125.08958217,125.03024862,125.03355295,0,1680301679999,0,60,0,0,0
1680301680000,125.03499393,125.13321457,125.03466155,125.13315665,0,1680301739999,0,60,0,0,0
1680301740000,125.13315665,125.13691480,125.11079441,125.13562881,0,1680301799999,0,60,0,0,0
1680301800000,125.13554207,125.15602744,125.13554207,125.15602744,0,1680301859999,0,60,0,0,0
1680301860000,125.15602744,125.15619271,125.12134920,125.13137948,0,1680301919999,0,60,0,0,0
1680301920000,125.15410393,125.31114467,125.15266478,125.31114467,0,1680301979999,0,60,0,0,0
1680301980000,125.31156588,125.32964357,125.28716250,125.32571357,0,1680302039999,0,60,0,0,0
1680302040000,125.32542476,125.33340013,125.31344035,125.33082520,0,1680302099999,0,60,0,0,0
1680302100000,125.33120407,125.36982323,125.31720407,125.36879617,0,1680302159999,0,60,0,0,0
1680302160000,125.36860601,125.37536238,125.32327395,125.35821614,0,1680302219999,0,60,0,0,0
1680302220000,125.36871153,125.42898412,125.35810764,125.41778160,0,1680302279999,0,60,0,0,0
1680302280000,125.41699519,125.48748276,125.40707157,125.46881236,0,1680302339999,0,60,0,0,0
1680302340000,125.46881236,125.47217887,125.44220751,125.45891377,0,1680302399999,0,60,0,0,0
1680302400000,125.45912135,125.47993652,125.45912135,125.47178105,0,1680302459999,0,60,0,0,0
1680302460000,125.47178105,125.47853484,125.46107193,125.47616395,0,1680302519999,0,60,0,0,0
1680302520000,125.47616395,125.49483419,125.46515263,125.49039244,0,1680302579999,0,60,0,0,0
1680302580000,125.49099805,125.56998609,125.49099805,125.56998609,0,1680302639999,0,60,0,0,0
1680302640000,125.56998609,125.56998609,125.55051807,125.55223521,0,1680302699999,0,60,0,0,0
1680302700000,125.55223930,125.59337238,125.54571628,125.59274076,0,1680302759999,0,60,0,0,0
1680302760000,125.59330648,125.59460712,125.58857510,125.59148584,0,1680302819999,0,60,0,0,0
1680302820000,125.59148584,125.59390693,125.56675425,125.57398443,0,1680302879999,0,60,0,0,0
1680302880000,125.57448211,125.58437565,125.55518526,125.58138161,0,1680302939999,0,60,0,0,0
1680302940000,125.58062355,125.58062355,125.50328739,125.50569102,0,1680302999999,0,60,0,0,0
1680303000000,125.51070062,125.52505873,125.49400792,125.52103959,0,1680303059999,0,60,0,0,0
1680303060000,125.52103959,125.60593346,125.51319133,125.51693385,0,1680303119999,0,60,0,0,0
1680303120000,125.51680762,125.54378708,125.48420813,125.54330276,0,1680303179999,0,60,0,0,0
1680303180000,125.54279513,125.54279513,125.51734292,125.51779835,0,1680303239999,0,60,0,0,0
1680303240000,125.51779835,125.51779835,125.48362787,125.48645146,0,1680303299999,0,60,0,0,0
1680303300000,125.48645146,125.53743286,125.48645146,125.53450146,0,1680303359999,0,60,0,0,0
1680303360000,125.53450146,125.53963602,125.50798083,125.50813926,0,1680303419999,0,60,0,0,0
1680303420000,125.50813926,125.53858032,125.47947481,125.53828815,0,1680303479999,0,60,0,0,0
1680303480000,125.53793028,125.54346991,125.51386311,125.51498449,0,1680303539999,0,60,0,0,0
1680303540000,125.51343144,125.51657413,125.45649245,125.45649245,0,1680303599999,0,60,0,0,0
1680303600000,125.45658911,125.47582457,125.44214866,125.47553611,0,1680303659999,0,60,0,0,0
1680303660000,125.47406188,125.49284219,125.47406188,125.48668920,0,1680303719999,0,60,0,0,0
1680303720000,125.48608418,125.49767927,125.47525829,125.48830081,0,1680303779999,0,60,0,0,0
1680303780000,125.48738418,125.48738418,125.47322270,125.47355736,0,1680303839999,0,60,0,0,0
1680303840000,125.47355508,125.48223416,125.46642823,125.47396700,0,1680303899999,0,60,0,0,0
1680303900000,125.47411925,125.48339892,125.47160182,125.47761720,0,1680303959999,0,60,0,0,0
1680303960000,125.47732489,125.47904883,125.41921091,125.41921296,0,1680304019999,0,60,0,0,0
1680304020000,125.41952784,125.43444218,125.41191754,125.41846037,0,1680304079999,0,60,0,0,0
1680304080000,125.41844052,125.42970733,125.39729716,125.40050262,0,1680304139999,0,60,0,0,0
1680304140000,125.40050262,125.42475695,125.39795270,125.42042066,0,1680304199999,0,60,0,0,0
1680304200000,125.41972955,125.45072623,125.41131965,125.44837591,0,1680304259999,0,60,0,0,0
1680304260000,125.44851178,125.49131022,125.44797140,125.49125904,0,1680304319999,0,60,0,0,0
1680304320000,125.49165617,125.49165617,125.43390758,125.43427430,0,1680304379999,0,60,0,0,0
1680304380000,125.43427430,125.43427430,125.40763873,125.42185997,0,1680304439999,0,60,0,0,0
1680304440000,125.42185997,125.42867586,125.42161886,125.42183830,0,1680304499999,0,60,0,0,0
1680304500000,125.42531928,125.47739139,125.42305587,125.47313340,0,1680304559999,0,60,0,0,0
1680304560000,125.47165533,125.48455987,125.47157449,125.48455987,0,1680304619999,0,60,0,0,0
1680304620000,125.48555042,125.56144084,125.48555042,125.55007900,0,1680304679999,0,60,0,0,0
1680304680000,125.54965090,125.55020580,125.53052734,125.53121236,0,1680304739999,0,60,0,0,0
1680304740000,125.53161995,125.53337372,125.46692846,125.46692846,0,1680304799999,0,60,0,0,0
1680304800000,125.46665538,125.48514639,125.46564263,125.48514639,0,1680304859999,0,60,0,0,0
1680304860000,125.48493444,125.49727414,125.48493444,125.49301742,0,1680304919999,0,60,0,0,0
1680304920000,125.49301162,125.50815428,125.48917884,125.49703710,0,1680304979999,0,60,0,0,0
1680304980000,125.49703710,125.49703710,125.44155543,125.44273293,0,1680305039999,0,60,0,0,0
1680305040000,125.44555479,125.44645477,125.43845514,125.43923180,0,1680305099999,0,60,0,0,0
1680305100000,125.43923180,125.46057049,125.40969992,125.41400257,0,1680305159999,0,60,0,0,0
1680305160000,125.41400257,125.46458137,125.40303909,125.46075097,0,1680305219999,0,60,0,0,0
1680305220000,125.46039273,125.46044510,125.44794254,125.45548237,0,1680305279999,0,60,0,0,0
1680305280000,125.45548237,125.48071170,125.45548237,125.47665966,0,1680305339999,0,60,0,0,0
1680305340000,125.47587990,125.50508674,125.47587990,125.50394088,0,1680305399999,0,60,0,0,0
1680305400000,125.50366762,125.53843940,125.42121098,125.42121098,0,1680305459999,0,60,0,0,0
1680305460000,125.42121098,125.43633012,125.41131993,125.43600449,0,1680305519999,0,60,0,0,0
1680305520000,125.47767995,125.50134576,125.45722594,125.49609677,0,1680305579999,0,60,0,0,0
1680305580000,125.49624478,125.49687555,125.44171218,125.44199630,0,1680305639999,0,60,0,0,0
1680305640000,125.44228891,125.44510192,125.42030713,125.42474611,0,1680305699999,0,60,0,0,0
1680305700000,125.42435486,125.46968584,125.42267225,125.46915214,0,1680305759999,0,60,0,0,0
1680305760000,125.46915214,125.47177003,125.46627192,125.47177003,0,1680305819999,0,60,0,0,0
1680305820000,125.47130933,125.47158190,125.40840146,125.40866644,0,1680305879999,0,60,0,0,0
1680305880000,125.40867668,125.45962108,125.39887771,125.45890896,0,1680305939999,0,60,0,0,0
1680305940000,125.45920010,125.45920010,125.41041569,125.41690276,0,1680305999999,0,60,0,0,0
1680306000000,125.41690276,125.41781227,125.39407077,125.39407077,0,1680306059999,0,60,0,0,0
1680306060000,125.38996348,125.43012260,125.37996376,125.42883401,0,1680306119999,0,59,0,0,0
1680306120000,125.42883401,125.44054643,125.42852171,125.43302357,0,1680306179999,0,60,0,0,0
1680306180000,125.43241546,125.43241546,125.39631895,125.39631895,0,1680306239999,0,60,0,0,0
1680306240000,125.39631895,125.39631895,125.36675502,125.36900753,0,1680306299999,0,60,0,0,0
1680306300000,125.36900753,125.43084720,125.36900753,125.42900152,0,1680306359999,0,60,0,0,0
1680306360000,125.42824897,125.43238464,125.31495426,125.31529987,0,1680306419999,0,60,0,0,0
1680306420000,125.31529987,125.32294153,125.31392300,125.31603137,0,1680306479999,0,60,0,0,0
1680306480000,125.31477484,125.31628691,125.27594155,125.30389209,0,1680306539999,0,60,0,0,0
1680306540000,125.30334278,125.32804429,125.29030359,125.32718489,0,1680306599999,0,60,0,0,0
1680306600000,125.32747401,125.32747401,125.25238643,125.25592360,0,1680306659999,0,60,0,0,0
1680306660000,125.25550746,125.25550746,125.19774192,125.20066295,0,1680306719999,0,60,0,0,0
1680306720000,125.20044410,125.20094198,125.14930309,125.14930309,0,1680306779999,0,60,0,0,0
1680306780000,125.15145920,125.18251809,125.13529475,125.18251809,0,1680306839999,0,60,0,0,0
1680306840000,125.18223085,125.19082978,125.13157124,125.13219408,0,1680306899999,0,60,0,0,0
1680306900000,125.13027880,125.13646115,125.12587944,125.13159482,0,1680306959999,0,60,0,0,0
1680306960000,125.13108010,125.13789130,125.03761996,125.03775046,0,1680307019999,0,60,0,0,0
1680307020000,125.03775046,125.03805085,124.94293206,124.95152951,0,1680307079999,0,60,0,0,0
1680307080000,124.95152951,124.95654134,124.93552542,124.95387569,0,1680307139999,0,60,0,0,0
1680307140000,124.95377755,124.95770693,124.94931733,124.94931733,0,1680307199999,0,60,0,0,0
